Workbook

Sheet PER
BK32: =CONCATENATE("OBLIGATORIEDAD DE (",BK33,")") -> OBLIGATORIEDAD DE (Set up)
V33: NECESIDADES | W33: 16h | X33: 17h | Y33: 18h | Z33: 19h | AA33: 20h | AB33: 21h | AC33: 22h | AD33: 23h | AE33: 00h | AF33: 01h | AG33: 02h | AH33: 03h | AI33: 04h | AJ33: 05h | AK33: 06h | AL33: 07h | AM33: 08h | AN33: TOTAL / TAREA | AR33: =$W$33 -> 16h | AS33: =$X$33 -> 17h | AT33: =$Y$33 -> 18h | AU33: =$Z$33 -> 19h | AV33: =$AA$33 -> 20h | AW33: =$AB$33 -> 21h | AX33: =$AC$33 -> 22h | AY33: =$AD$33 -> 23h | AZ33: =$AE$33 -> 00h | BA33: =$AF$33 -> 01h | BB33: =$AG$33 -> 02h | BC33: =$AH$33 -> 03h | BD33: =$AI$33 -> 04h | BE33: =$AJ$33 -> 05h | BF33: =$AK$33 -> 06h | BG33: =$AL$33 -> 07h | BH33: =$AM$33 -> 08h | BK33: =V34 -> Set up | BL33: =$W$33 -> 16h | BM33: =$X$33 -> 17h | BN33: =$Y$33 -> 18h | BO33: =$Z$33 -> 19h | BP33: =$AA$33 -> 20h | BQ33: =$AB$33 -> 21h | BR33: =$AC$33 -> 22h | BS33: =$AD$33 -> 23h | BT33: =$AE$33 -> 00h | BU33: =$AF$33 -> 01h | BV33: =$AG$33 -> 02h | BW33: =$AH$33 -> 03h | BX33: =$AI$33 -> 04h | BY33: =$AJ$33 -> 05h | BZ33: =$AK$33 -> 06h | CA33: =$AL$33 -> 07h | CB33: =$AM$33 -> 08h
R34: max | S34: 12 | U34: 1 | V34: Set up | W34: 1 | X34: 1 | Y34: 1 | Z34: 1 | AA34: 1 | AB34: 1 | AC34: 1 | AD34: 1 | AE34: 1 | AF34: 1 | AG34: 1 | AH34: 1 | AI34: 0 | AJ34: 0 | AK34: 0 | AL34: 0 | AM34: 0 | AN34: =SUM(W34:AM34) -> 12 | AP34: =$V$34 -> Set up | AQ34: =$V$53 -> Jennifer | AR34: 0 | AS34: 1 | AT34: 0 | AU34: 0 | AV34: 1 | AW34: 0 | AX34: 1 | AY34: 0 | AZ34: 0 | BA34: 1 | BB34: 0 | BC34: 0 | BD34: 0 | BE34: 0 | BF34: 0 | BG34: 0 | BH34: 0 | BK34: =$V$53 -> Jennifer | BL34: 0 | BM34: 0 | BN34: 0 | BO34: 0 | BP34: 0 | BQ34: 0 | BR34: 0 | BS34: 0 | BT34: 0 | BU34: 0 | BV34: 0 | BW34: 0 | BX34: 0 | BY34: 0 | BZ34: 0 | CA34: 0 | CB34: 0
R35: min | S35: -8 | U35: 2 | V35: Entry | W35: 1 | X35: 1 | Y35: 1 | Z35: 1 | AA35: 1 | AB35: 1 | AC35: 1 | AD35: 1 | AE35: 1 | AF35: 1 | AG35: 1 | AH35: 1 | AI35: 0 | AJ35: 0 | AK35: 0 | AL35: 0 | AM35: 0 | AN35: =SUM(W35:AM35) -> 12 | AQ35: =$V$54 -> Galileo | AR35: 0 | AS35: 0 | AT35: 0 | AU35: 0 | AV35: 0 | AW35: 0 | AX35: 0 | AY35: 0 | AZ35: 1 | BA35: 0 | BB35: 0 | BC35: 0 | BD35: 0 | BE35: 0 | BF35: 0 | BG35: 0 | BH35: 0 | BK35: =$V$54 -> Galileo | BL35: 0 | BM35: 0 | BN35: 0 | BO35: 0 | BP35: 0 | BQ35: 0 | BR35: 0 | BS35: 0 | BT35: 0 | BU35: 0 | BV35: 0 | BW35: 0 | BX35: 0 | BY35: 0 | BZ35: 0 | CA35: 0 | CB35: 0
U36: 3 | V36: Bar | W36: 1 | X36: 1 | Y36: 1 | Z36: 1 | AA36: 1 | AB36: 1 | AC36: 1 | AD36: 1 | AE36: 1 | AF36: 1 | AG36: 1 | AH36: 1 | AI36: 0 | AJ36: 0 | AK36: 0 | AL36: 0 | AM36: 0 | AN36: =SUM(W36:AM36) -> 12 | AQ36: =$V$55 -> Óscar | AR36: 0 | AS36: 0 | AT36: 0 | AU36: 0 | AV36: 0 | AW36: 0 | AX36: 0 | AY36: 0 | AZ36: 0 | BA36: 0 | BB36: 1 | BC36: 0 | BD36: 0 | BE36: 0 | BF36: 0 | BG36: 0 | BH36: 0 | BK36: =$V$55 -> Óscar | BL36: 0 | BM36: 0 | BN36: 0 | BO36: 0 | BP36: 0 | BQ36: 0 | BR36: 0 | BS36: 0 | BT36: 0 | BU36: 0 | BV36: 0 | BW36: 0 | BX36: 0 | BY36: 0 | BZ36: 0 | CA36: 0 | CB36: 0
R37: obj | S37: =100*(S34-S35)+10*SUM(D53:S92)+10*SUM(C99:S138) -> 2000 | U37: 4 | V37: C-mix | W37: 1 | X37: 1 | Y37: 1 | Z37: 1 | AA37: 1 | AB37: 1 | AC37: 1 | AD37: 1 | AE37: 1 | AF37: 1 | AG37: 1 | AH37: 1 | AI37: 0 | AJ37: 0 | AK37: 0 | AL37: 0 | AM37: 0 | AN37: =SUM(W37:AM37) -> 12 | AQ37: =$V$56 -> Sebastián | AR37: 0 | AS37: 0 | AT37: 0 | AU37: 0 | AV37: 0 | AW37: 0 | AX37: 0 | AY37: 0 | AZ37: 0 | BA37: 0 | BB37: 0 | BC37: 0 | BD37: 0 | BE37: 0 | BF37: 0 | BG37: 0 | BH37: 0 | BK37: =$V$56 -> Sebastián | BL37: 0 | BM37: 0 | BN37: 0 | BO37: 0 | BP37: 0 | BQ37: 0 | BR37: 0 | BS37: 0 | BT37: 0 | BU37: 0 | BV37: 0 | BW37: 0 | BX37: 0 | BY37: 0 | BZ37: 0 | CA37: 0 | CB37: 0
U38: 5 | V38: Rez | W38: 1 | X38: 1 | Y38: 1 | Z38: 1 | AA38: 1 | AB38: 1 | AC38: 1 | AD38: 1 | AE38: 1 | AF38: 1 | AG38: 1 | AH38: 1 | AI38: 0 | AJ38: 0 | AK38: 0 | AL38: 0 | AM38: 0 | AN38: =SUM(W38:AM38) -> 12 | AQ38: =$V$57 -> Marcos | AR38: 0 | AS38: 0 | AT38: 0 | AU38: 0 | AV38: 0 | AW38: 0 | AX38: 0 | AY38: 1 | AZ38: 0 | BA38: 0 | BB38: 0 | BC38: 0 | BD38: 0 | BE38: 0 | BF38: 0 | BG38: 0 | BH38: 0 | BK38: =$V$57 -> Marcos | BL38: 0 | BM38: 0 | BN38: 0 | BO38: 0 | BP38: 0 | BQ38: 0 | BR38: 0 | BS38: 0 | BT38: 0 | BU38: 0 | BV38: 0 | BW38: 0 | BX38: 0 | BY38: 0 | BZ38: 0 | CA38: 0 | CB38: 0
U39: 6 | V39: Homing | W39: 0 | X39: 0 | Y39: 0 | Z39: 0 | AA39: 0 | AB39: 0 | AC39: 0 | AD39: 0 | AE39: 0 | AF39: 0 | AG39: 0 | AH39: 0 | AI39: 0 | AJ39: 0 | AK39: 0 | AL39: 0 | AM39: 0 | AN39: =SUM(W39:AM39) -> 0 | AQ39: =$V$58 -> Weixin | AR39: 0 | AS39: 0 | AT39: 0 | AU39: 1 | AV39: 0 | AW39: 0 | AX39: 0 | AY39: 0 | AZ39: 0 | BA39: 0 | BB39: 0 | BC39: 0 | BD39: 0 | BE39: 0 | BF39: 0 | BG39: 0 | BH39: 0 | BK39: =$V$58 -> Weixin | BL39: 0 | BM39: 0 | BN39: 0 | BO39: 0 | BP39: 0 | BQ39: 0 | BR39: 0 | BS39: 0 | BT39: 0 | BU39: 0 | BV39: 0 | BW39: 0 | BX39: 0 | BY39: 0 | BZ39: 0 | CA39: 0 | CB39: 0
U40: 7 | V40: Toilets | W40: 0 | X40: 0 | Y40: 0 | Z40: 0 | AA40: 0 | AB40: 0 | AC40: 0 | AD40: 0 | AE40: 0 | AF40: 0 | AG40: 0 | AH40: 0 | AI40: 0 | AJ40: 0 | AK40: 0 | AL40: 0 | AM40: 0 | AN40: =SUM(W40:AM40) -> 0 | AQ40: =$V$59 -> Benjamin | AR40: 1 | AS40: 0 | AT40: 1 | AU40: 0 | AV40: 0 | AW40: 1 | AX40: 0 | AY40: 0 | AZ40: 0 | BA40: 0 | BB40: 0 | BC40: 1 | BD40: 0 | BE40: 0 | BF40: 0 | BG40: 0 | BH40: 0 | BK40: =$V$59 -> Benjamin | BL40: 0 | BM40: 0 | BN40: 0 | BO40: 0 | BP40: 0 | BQ40: 0 | BR40: 0 | BS40: 0 | BT40: 0 | BU40: 0 | BV40: 0 | BW40: 0 | BX40: 0 | BY40: 0 | BZ40: 0 | CA40: 0 | CB40: 0
U41: 8 | V41: Level | W41: 0 | X41: 0 | Y41: 0 | Z41: 0 | AA41: 0 | AB41: 0 | AC41: 0 | AD41: 0 | AE41: 0 | AF41: 0 | AG41: 0 | AH41: 0 | AI41: 0 | AJ41: 0 | AK41: 0 | AL41: 0 | AM41: 0 | AN41: =SUM(W41:AM41) -> 0 | AQ41: =$V$60 -> Joelle | AR41: 0 | AS41: 0 | AT41: 0 | AU41: 0 | AV41: 0 | AW41: 0 | AX41: 0 | AY41: 0 | AZ41: 0 | BA41: 0 | BB41: 0 | BC41: 0 | BD41: 0 | BE41: 0 | BF41: 0 | BG41: 0 | BH41: 0 | BK41: =$V$60 -> Joelle | BL41: 0 | BM41: 0 | BN41: 0 | BO41: 0 | BP41: 0 | BQ41: 0 | BR41: 0 | BS41: 0 | BT41: 0 | BU41: 0 | BV41: 0 | BW41: 0 | BX41: 0 | BY41: 0 | BZ41: 0 | CA41: 0 | CB41: 0
U42: 9 | V42: Çapèse | W42: 0 | X42: 0 | Y42: 0 | Z42: 0 | AA42: 0 | AB42: 0 | AC42: 0 | AD42: 0 | AE42: 0 | AF42: 0 | AG42: 0 | AH42: 0 | AI42: 0 | AJ42: 0 | AK42: 0 | AL42: 0 | AM42: 0 | AN42: =SUM(W42:AM42) -> 0 | AQ42: =$V$61 -> Alexia | AR42: 0 | AS42: 0 | AT42: 0 | AU42: 0 | AV42: 0 | AW42: 0 | AX42: 0 | AY42: 0 | AZ42: 0 | BA42: 0 | BB42: 0 | BC42: 0 | BD42: 0 | BE42: 0 | BF42: 0 | BG42: 0 | BH42: 0 | BK42: =$V$61 -> Alexia | BL42: 0 | BM42: 0 | BN42: 0 | BO42: 0 | BP42: 0 | BQ42: 0 | BR42: 0 | BS42: 0 | BT42: 0 | BU42: 0 | BV42: 0 | BW42: 0 | BX42: 0 | BY42: 0 | BZ42: 0 | CA42: 0 | CB42: 0
U43: 10 | V43: Tidying | W43: 0 | X43: 0 | Y43: 0 | Z43: 0 | AA43: 0 | AB43: 0 | AC43: 0 | AD43: 0 | AE43: 0 | AF43: 0 | AG43: 0 | AH43: 0 | AI43: 0 | AJ43: 0 | AK43: 0 | AL43: 0 | AM43: 0 | AN43: =SUM(W43:AM43) -> 0 | AQ43: =$V$62 -> Joao | AR43: 0 | AS43: 0 | AT43: 0 | AU43: 0 | AV43: 0 | AW43: 0 | AX43: 0 | AY43: 0 | AZ43: 0 | BA43: 0 | BB43: 0 | BC43: 0 | BD43: 0 | BE43: 0 | BF43: 0 | BG43: 0 | BH43: 0 | BK43: =$V$62 -> Joao | BL43: 0 | BM43: 0 | BN43: 0 | BO43: 0 | BP43: 0 | BQ43: 0 | BR43: 0 | BS43: 0 | BT43: 0 | BU43: 0 | BV43: 0 | BW43: 0 | BX43: 0 | BY43: 0 | BZ43: 0 | CA43: 0 | CB43: 0
U44: 11 | V44: Volante | W44: 0 | X44: 0 | Y44: 0 | Z44: 0 | AA44: 0 | AB44: 0 | AC44: 0 | AD44: 0 | AE44: 0 | AF44: 0 | AG44: 0 | AH44: 0 | AI44: 0 | AJ44: 0 | AK44: 0 | AL44: 0 | AM44: 0 | AN44: =SUM(W44:AM44) -> 0 | AQ44: =$V$63 -> Maxime | AR44: 0 | AS44: 0 | AT44: 0 | AU44: 0 | AV44: 0 | AW44: 0 | AX44: 0 | AY44: 0 | AZ44: 0 | BA44: 0 | BB44: 0 | BC44: 0 | BD44: 0 | BE44: 0 | BF44: 0 | BG44: 0 | BH44: 0 | BK44: =$V$63 -> Maxime | BL44: 0 | BM44: 0 | BN44: 0 | BO44: 0 | BP44: 0 | BQ44: 0 | BR44: 0 | BS44: 1 | BT44: 0 | BU44: 0 | BV44: 0 | BW44: 0 | BX44: 0 | BY44: 0 | BZ44: 0 | CA44: 0 | CB44: 0
U45: 12 | V45: Dummy 1 | W45: 0 | X45: 0 | Y45: 0 | Z45: 0 | AA45: 0 | AB45: 0 | AC45: 0 | AD45: 0 | AE45: 0 | AF45: 0 | AG45: 0 | AH45: 0 | AI45: 0 | AJ45: 0 | AK45: 0 | AL45: 0 | AM45: 0 | AN45: =SUM(W45:AM45) -> 0 | AQ45: =$V$64 -> Alex | AR45: 0 | AS45: 0 | AT45: 0 | AU45: 0 | AV45: 0 | AW45: 0 | AX45: 0 | AY45: 0 | AZ45: 0 | BA45: 0 | BB45: 0 | BC45: 0 | BD45: 0 | BE45: 0 | BF45: 0 | BG45: 0 | BH45: 0 | BK45: =$V$64 -> Alex | BL45: 0 | BM45: 0 | BN45: 0 | BO45: 0 | BP45: 0 | BQ45: 0 | BR45: 0 | BS45: 0 | BT45: 1 | BU45: 0 | BV45: 0 | BW45: 0 | BX45: 0 | BY45: 0 | BZ45: 0 | CA45: 0 | CB45: 0
U46: 13 | V46: Dummy 2 | W46: 0 | X46: 0 | Y46: 0 | Z46: 0 | AA46: 0 | AB46: 0 | AC46: 0 | AD46: 0 | AE46: 0 | AF46: 0 | AG46: 0 | AH46: 0 | AI46: 0 | AJ46: 0 | AK46: 0 | AL46: 0 | AM46: 0 | AN46: =SUM(W46:AM46) -> 0 | AQ46: =$V$65 -> Alyssa | AR46: 0 | AS46: 0 | AT46: 0 | AU46: 0 | AV46: 0 | AW46: 0 | AX46: 0 | AY46: 0 | AZ46: 0 | BA46: 0 | BB46: 0 | BC46: 0 | BD46: 0 | BE46: 0 | BF46: 0 | BG46: 0 | BH46: 0 | BK46: =$V$65 -> Alyssa | BL46: 0 | BM46: 0 | BN46: 0 | BO46: 0 | BP46: 0 | BQ46: 0 | BR46: 0 | BS46: 0 | BT46: 0 | BU46: 0 | BV46: 0 | BW46: 0 | BX46: 0 | BY46: 0 | BZ46: 0 | CA46: 0 | CB46: 0
U47: 14 | V47: Dummy 3 | W47: 0 | X47: 0 | Y47: 0 | Z47: 0 | AA47: 0 | AB47: 0 | AC47: 0 | AD47: 0 | AE47: 0 | AF47: 0 | AG47: 0 | AH47: 0 | AI47: 0 | AJ47: 0 | AK47: 0 | AL47: 0 | AM47: 0 | AN47: =SUM(W47:AM47) -> 0 | AQ47: =$V$66 -> Amanda | AR47: 0 | AS47: 0 | AT47: 0 | AU47: 0 | AV47: 0 | AW47: 0 | AX47: 0 | AY47: 0 | AZ47: 0 | BA47: 0 | BB47: 0 | BC47: 0 | BD47: 0 | BE47: 0 | BF47: 0 | BG47: 0 | BH47: 0 | BK47: =$V$66 -> Amanda | BL47: 0 | BM47: 0 | BN47: 0 | BO47: 0 | BP47: 0 | BQ47: 0 | BR47: 0 | BS47: 0 | BT47: 0 | BU47: 0 | BV47: 0 | BW47: 0 | BX47: 0 | BY47: 0 | BZ47: 0 | CA47: 0 | CB47: 0
U48: 15 | V48: Dummy 4 | W48: 0 | X48: 0 | Y48: 0 | Z48: 0 | AA48: 0 | AB48: 0 | AC48: 0 | AD48: 0 | AE48: 0 | AF48: 0 | AG48: 0 | AH48: 0 | AI48: 0 | AJ48: 0 | AK48: 0 | AL48: 0 | AM48: 0 | AN48: =SUM(W48:AM48) -> 0 | AQ48: =$V$67 -> Antoine | AR48: 0 | AS48: 0 | AT48: 0 | AU48: 0 | AV48: 0 | AW48: 0 | AX48: 0 | AY48: 0 | AZ48: 0 | BA48: 0 | BB48: 0 | BC48: 0 | BD48: 0 | BE48: 0 | BF48: 0 | BG48: 0 | BH48: 0 | BK48: =$V$67 -> Antoine | BL48: 0 | BM48: 0 | BN48: 0 | BO48: 0 | BP48: 0 | BQ48: 0 | BR48: 0 | BS48: 0 | BT48: 0 | BU48: 0 | BV48: 0 | BW48: 0 | BX48: 0 | BY48: 0 | BZ48: 0 | CA48: 0 | CB48: 0
AQ49: =$V$68 -> Beatriz | AR49: 0 | AS49: 0 | AT49: 0 | AU49: 0 | AV49: 0 | AW49: 0 | AX49: 0 | AY49: 0 | AZ49: 0 | BA49: 0 | BB49: 0 | BC49: 0 | BD49: 0 | BE49: 0 | BF49: 0 | BG49: 0 | BH49: 0 | BK49: =$V$68 -> Beatriz | BL49: 0 | BM49: 0 | BN49: 0 | BO49: 0 | BP49: 0 | BQ49: 0 | BR49: 0 | BS49: 0 | BT49: 0 | BU49: 0 | BV49: 0 | BW49: 0 | BX49: 0 | BY49: 0 | BZ49: 0 | CA49: 0 | CB49: 0
AQ50: =$V$69 -> Charelle | AR50: 0 | AS50: 0 | AT50: 0 | AU50: 0 | AV50: 0 | AW50: 0 | AX50: 0 | AY50: 0 | AZ50: 0 | BA50: 0 | BB50: 0 | BC50: 0 | BD50: 0 | BE50: 0 | BF50: 0 | BG50: 0 | BH50: 0 | BK50: =$V$69 -> Charelle | BL50: 0 | BM50: 0 | BN50: 0 | BO50: 0 | BP50: 0 | BQ50: 0 | BR50: 0 | BS50: 0 | BT50: 0 | BU50: 0 | BV50: 0 | BW50: 0 | BX50: 0 | BY50: 0 | BZ50: 0 | CA50: 0 | CB50: 0
C51: variables binarias para no consecutividad de tareas | AQ51: =$V$70 -> Dimitri | AR51: 0 | AS51: 0 | AT51: 0 | AU51: 0 | AV51: 0 | AW51: 0 | AX51: 0 | AY51: 0 | AZ51: 0 | BA51: 0 | BB51: 0 | BC51: 0 | BD51: 0 | BE51: 0 | BF51: 0 | BG51: 0 | BH51: 0 | BK51: =$V$70 -> Dimitri | BL51: 0 | BM51: 0 | BN51: 0 | BO51: 0 | BP51: 0 | BQ51: 0 | BR51: 0 | BS51: 0 | BT51: 0 | BU51: 0 | BV51: 0 | BW51: 0 | BX51: 0 | BY51: 0 | BZ51: 0 | CA51: 0 | CB51: 0
C52: CONSECUTIVIDAD | D52: =$W$33 -> 16h | E52: =$X$33 -> 17h | F52: =$Y$33 -> 18h | G52: =$Z$33 -> 19h | H52: =$AA$33 -> 20h | I52: =$AB$33 -> 21h | J52: =$AC$33 -> 22h | K52: =$AD$33 -> 23h | L52: =$AE$33 -> 00h | M52: =$AF$33 -> 01h | N52: =$AG$33 -> 02h | O52: =$AH$33 -> 03h | P52: =$AI$33 -> 04h | Q52: =$AJ$33 -> 05h | R52: =$AK$33 -> 06h | S52: =$AL$33 -> 07h | V52: DISPONIBILIDAD | W52: =$W$33 -> 16h | X52: =$X$33 -> 17h | Y52: =$Y$33 -> 18h | Z52: =$Z$33 -> 19h | AA52: =$AA$33 -> 20h | AB52: =$AB$33 -> 21h | AC52: =$AC$33 -> 22h | AD52: =$AD$33 -> 23h | AE52: =$AE$33 -> 00h | AF52: =$AF$33 -> 01h | AG52: =$AG$33 -> 02h | AH52: =$AH$33 -> 03h | AI52: =$AI$33 -> 04h | AJ52: =$AJ$33 -> 05h | AK52: =$AK$33 -> 06h | AL52: =$AL$33 -> 07h | AM52: =$AM$33 -> 08h | AN52: TOTAL / PERSONA | AQ52: =$V$71 -> Marina | AR52: 0 | AS52: 0 | AT52: 0 | AU52: 0 | AV52: 0 | AW52: 0 | AX52: 0 | AY52: 0 | AZ52: 0 | BA52: 0 | BB52: 0 | BC52: 0 | BD52: 0 | BE52: 0 | BF52: 0 | BG52: 0 | BH52: 0 | BK52: =$V$71 -> Marina | BL52: 0 | BM52: 0 | BN52: 0 | BO52: 0 | BP52: 0 | BQ52: 0 | BR52: 0 | BS52: 0 | BT52: 0 | BU52: 0 | BV52: 0 | BW52: 0 | BX52: 0 | BY52: 0 | BZ52: 0 | CA52: 0 | CB52: 0
C53: =$V$53 -> Jennifer | D53: 0 | E53: 0 | F53: 0 | G53: 0 | H53: 0 | I53: 0 | J53: 0 | K53: 0 | L53: 0 | M53: 0 | N53: 0 | O53: 0 | P53: 0 | Q53: 0 | R53: 0 | S53: 0 | U53: 1 | V53: Jennifer | W53: 1 | X53: 1 | Y53: 1 | Z53: 1 | AA53: 1 | AB53: 1 | AC53: 1 | AD53: 1 | AE53: 1 | AF53: 1 | AG53: 1 | AH53: 1 | AI53: 0 | AJ53: 0 | AK53: 0 | AL53: 0 | AM53: 0 | AN53: =SUM(W53:AM53) -> 12 | AQ53: =$V$72 -> Michel | AR53: 0 | AS53: 0 | AT53: 0 | AU53: 0 | AV53: 0 | AW53: 0 | AX53: 0 | AY53: 0 | AZ53: 0 | BA53: 0 | BB53: 0 | BC53: 0 | BD53: 0 | BE53: 0 | BF53: 0 | BG53: 0 | BH53: 0 | BK53: =$V$72 -> Michel | BL53: 0 | BM53: 0 | BN53: 0 | BO53: 0 | BP53: 0 | BQ53: 0 | BR53: 0 | BS53: 0 | BT53: 0 | BU53: 0 | BV53: 0 | BW53: 0 | BX53: 0 | BY53: 0 | BZ53: 0 | CA53: 0 | CB53: 0
C54: =$V$54 -> Galileo | D54: 0 | E54: 0 | F54: 0 | G54: 0 | H54: 0 | I54: 0 | J54: 0 | K54: 0 | L54: 0 | M54: 0 | N54: 0 | O54: 0 | P54: 0 | Q54: 0 | R54: 0 | S54: 0 | U54: 2 | V54: Galileo | W54: 1 | X54: 1 | Y54: 1 | Z54: 1 | AA54: 1 | AB54: 1 | AC54: 1 | AD54: 1 | AE54: 1 | AF54: 1 | AG54: 1 | AH54: 1 | AI54: 0 | AJ54: 0 | AK54: 0 | AL54: 0 | AM54: 0 | AN54: =SUM(W54:AM54) -> 12 | AQ54: =$V$73 -> Nour | AR54: 0 | AS54: 0 | AT54: 0 | AU54: 0 | AV54: 0 | AW54: 0 | AX54: 0 | AY54: 0 | AZ54: 0 | BA54: 0 | BB54: 0 | BC54: 0 | BD54: 0 | BE54: 0 | BF54: 0 | BG54: 0 | BH54: 0 | BK54: =$V$73 -> Nour | BL54: 0 | BM54: 0 | BN54: 0 | BO54: 0 | BP54: 0 | BQ54: 0 | BR54: 0 | BS54: 0 | BT54: 0 | BU54: 0 | BV54: 0 | BW54: 0 | BX54: 0 | BY54: 0 | BZ54: 0 | CA54: 0 | CB54: 0
C55: =$V$55 -> Óscar | D55: 0 | E55: 0 | F55: 0 | G55: 0 | H55: 0 | I55: 0 | J55: 0 | K55: 0 | L55: 0 | M55: 0 | N55: 0 | O55: 0 | P55: 0 | Q55: 0 | R55: 0 | S55: 0 | U55: 3 | V55: Óscar | W55: 1 | X55: 1 | Y55: 1 | Z55: 1 | AA55: 1 | AB55: 1 | AC55: 1 | AD55: 1 | AE55: 1 | AF55: 1 | AG55: 1 | AH55: 1 | AI55: 0 | AJ55: 0 | AK55: 0 | AL55: 0 | AM55: 0 | AN55: =SUM(W55:AM55) -> 12 | AQ55: =$V$74 -> Samuel | AR55: 0 | AS55: 0 | AT55: 0 | AU55: 0 | AV55: 0 | AW55: 0 | AX55: 0 | AY55: 0 | AZ55: 0 | BA55: 0 | BB55: 0 | BC55: 0 | BD55: 0 | BE55: 0 | BF55: 0 | BG55: 0 | BH55: 0 | BK55: =$V$74 -> Samuel | BL55: 0 | BM55: 0 | BN55: 0 | BO55: 0 | BP55: 0 | BQ55: 0 | BR55: 0 | BS55: 0 | BT55: 0 | BU55: 0 | BV55: 0 | BW55: 0 | BX55: 0 | BY55: 0 | BZ55: 0 | CA55: 0 | CB55: 0
C56: =$V$56 -> Sebastián | D56: 0 | E56: 0 | F56: 0 | G56: 0 | H56: 0 | I56: 0 | J56: 0 | K56: 0 | L56: 0 | M56: 0 | N56: 0 | O56: 0 | P56: 0 | Q56: 0 | R56: 0 | S56: 0 | U56: 4 | V56: Sebastián | W56: 1 | X56: 1 | Y56: 1 | Z56: 1 | AA56: 1 | AB56: 1 | AC56: 1 | AD56: 1 | AE56: 1 | AF56: 1 | AG56: 1 | AH56: 1 | AI56: 0 | AJ56: 0 | AK56: 0 | AL56: 0 | AM56: 0 | AN56: =SUM(W56:AM56) -> 12 | AQ56: =$V$75 -> Yassin | AR56: 0 | AS56: 0 | AT56: 0 | AU56: 0 | AV56: 0 | AW56: 0 | AX56: 0 | AY56: 0 | AZ56: 0 | BA56: 0 | BB56: 0 | BC56: 0 | BD56: 0 | BE56: 0 | BF56: 0 | BG56: 0 | BH56: 0 | BK56: =$V$75 -> Yassin | BL56: 0 | BM56: 0 | BN56: 0 | BO56: 0 | BP56: 0 | BQ56: 0 | BR56: 0 | BS56: 0 | BT56: 0 | BU56: 0 | BV56: 0 | BW56: 0 | BX56: 0 | BY56: 0 | BZ56: 0 | CA56: 0 | CB56: 0
C57: =$V$57 -> Marcos | D57: 0 | E57: 0 | F57: 0 | G57: 0 | H57: 0 | I57: 0 | J57: 0 | K57: 0 | L57: 0 | M57: 0 | N57: 0 | O57: 0 | P57: 0 | Q57: 0 | R57: 0 | S57: 0 | U57: 5 | V57: Marcos | W57: 1 | X57: 1 | Y57: 1 | Z57: 1 | AA57: 1 | AB57: 1 | AC57: 1 | AD57: 1 | AE57: 1 | AF57: 1 | AG57: 1 | AH57: 1 | AI57: 0 | AJ57: 0 | AK57: 0 | AL57: 0 | AM57: 0 | AN57: =SUM(W57:AM57) -> 12 | AQ57: =$V$76 -> Kamar | AR57: 0 | AS57: 0 | AT57: 0 | AU57: 0 | AV57: 0 | AW57: 0 | AX57: 0 | AY57: 0 | AZ57: 0 | BA57: 0 | BB57: 0 | BC57: 0 | BD57: 0 | BE57: 0 | BF57: 0 | BG57: 0 | BH57: 0 | BK57: =$V$76 -> Kamar | BL57: 0 | BM57: 0 | BN57: 0 | BO57: 0 | BP57: 0 | BQ57: 0 | BR57: 0 | BS57: 0 | BT57: 0 | BU57: 0 | BV57: 0 | BW57: 0 | BX57: 0 | BY57: 0 | BZ57: 0 | CA57: 0 | CB57: 0
C58: =$V$58 -> Weixin | D58: 0 | E58: 0 | F58: 0 | G58: 0 | H58: 0 | I58: 0 | J58: 0 | K58: 0 | L58: 0 | M58: 0 | N58: 0 | O58: 0 | P58: 0 | Q58: 0 | R58: 0 | S58: 0 | U58: 6 | V58: Weixin | W58: 1 | X58: 1 | Y58: 1 | Z58: 1 | AA58: 1 | AB58: 1 | AC58: 1 | AD58: 1 | AE58: 1 | AF58: 1 | AG58: 1 | AH58: 1 | AI58: 0 | AJ58: 0 | AK58: 0 | AL58: 0 | AM58: 0 | AN58: =SUM(W58:AM58) -> 12 | AQ58: =$V$77 -> - | AR58: 0 | AS58: 0 | AT58: 0 | AU58: 0 | AV58: 0 | AW58: 0 | AX58: 0 | AY58: 0 | AZ58: 0 | BA58: 0 | BB58: 0 | BC58: 0 | BD58: 0 | BE58: 0 | BF58: 0 | BG58: 0 | BH58: 0 | BK58: =$V$77 -> - | BL58: 0 | BM58: 0 | BN58: 0 | BO58: 0 | BP58: 0 | BQ58: 0 | BR58: 0 | BS58: 0 | BT58: 0 | BU58: 0 | BV58: 0 | BW58: 0 | BX58: 0 | BY58: 0 | BZ58: 0 | CA58: 0 | CB58: 0
C59: =$V$59 -> Benjamin | D59: 0 | E59: 0 | F59: 0 | G59: 0 | H59: 0 | I59: 0 | J59: 0 | K59: 0 | L59: 0 | M59: 0 | N59: 0 | O59: 0 | P59: 0 | Q59: 0 | R59: 0 | S59: 0 | U59: 7 | V59: Benjamin | W59: 1 | X59: 1 | Y59: 1 | Z59: 1 | AA59: 1 | AB59: 1 | AC59: 1 | AD59: 1 | AE59: 1 | AF59: 1 | AG59: 1 | AH59: 1 | AI59: 0 | AJ59: 0 | AK59: 0 | AL59: 0 | AM59: 0 | AN59: =SUM(W59:AM59) -> 12 | AQ59: =$V$78 -> - | AR59: 0 | AS59: 0 | AT59: 0 | AU59: 0 | AV59: 0 | AW59: 0 | AX59: 0 | AY59: 0 | AZ59: 0 | BA59: 0 | BB59: 0 | BC59: 0 | BD59: 0 | BE59: 0 | BF59: 0 | BG59: 0 | BH59: 0 | BK59: =$V$78 -> - | BL59: 0 | BM59: 0 | BN59: 0 | BO59: 0 | BP59: 0 | BQ59: 0 | BR59: 0 | BS59: 0 | BT59: 0 | BU59: 0 | BV59: 0 | BW59: 0 | BX59: 0 | BY59: 0 | BZ59: 0 | CA59: 0 | CB59: 0
C60: =$V$60 -> Joelle | D60: 0 | E60: 0 | F60: 0 | G60: 0 | H60: 0 | I60: 0 | J60: 0 | K60: 0 | L60: 0 | M60: 0 | N60: 0 | O60: 0 | P60: 0 | Q60: 0 | R60: 0 | S60: 0 | U60: 8 | V60: Joelle | W60: 0 | X60: 0 | Y60: 0 | Z60: 0 | AA60: 0 | AB60: 0 | AC60: 0 | AD60: 0 | AE60: 0 | AF60: 0 | AG60: 0 | AH60: 0 | AI60: 0 | AJ60: 0 | AK60: 0 | AL60: 0 | AM60: 0 | AN60: =SUM(W60:AM60) -> 0 | AQ60: =$V$79 -> - | AR60: 0 | AS60: 0 | AT60: 0 | AU60: 0 | AV60: 0 | AW60: 0 | AX60: 0 | AY60: 0 | AZ60: 0 | BA60: 0 | BB60: 0 | BC60: 0 | BD60: 0 | BE60: 0 | BF60: 0 | BG60: 0 | BH60: 0 | BK60: =$V$79 -> - | BL60: 0 | BM60: 0 | BN60: 0 | BO60: 0 | BP60: 0 | BQ60: 0 | BR60: 0 | BS60: 0 | BT60: 0 | BU60: 0 | BV60: 0 | BW60: 0 | BX60: 0 | BY60: 0 | BZ60: 0 | CA60: 0 | CB60: 0
C61: =$V$61 -> Alexia | D61: 0 | E61: 0 | F61: 0 | G61: 0 | H61: 0 | I61: 0 | J61: 0 | K61: 0 | L61: 0 | M61: 0 | N61: 0 | O61: 0 | P61: 0 | Q61: 0 | R61: 0 | S61: 0 | U61: 9 | V61: Alexia | W61: 0 | X61: 0 | Y61: 0 | Z61: 0 | AA61: 0 | AB61: 0 | AC61: 0 | AD61: 0 | AE61: 0 | AF61: 0 | AG61: 0 | AH61: 0 | AI61: 0 | AJ61: 0 | AK61: 0 | AL61: 0 | AM61: 0 | AN61: =SUM(W61:AM61) -> 0 | AQ61: =$V$80 -> - | AR61: 0 | AS61: 0 | AT61: 0 | AU61: 0 | AV61: 0 | AW61: 0 | AX61: 0 | AY61: 0 | AZ61: 0 | BA61: 0 | BB61: 0 | BC61: 0 | BD61: 0 | BE61: 0 | BF61: 0 | BG61: 0 | BH61: 0 | BK61: =$V$80 -> - | BL61: 0 | BM61: 0 | BN61: 0 | BO61: 0 | BP61: 0 | BQ61: 0 | BR61: 0 | BS61: 0 | BT61: 0 | BU61: 0 | BV61: 0 | BW61: 0 | BX61: 0 | BY61: 0 | BZ61: 0 | CA61: 0 | CB61: 0
C62: =$V$62 -> Joao | D62: 0 | E62: 0 | F62: 0 | G62: 0 | H62: 0 | I62: 0 | J62: 0 | K62: 0 | L62: 0 | M62: 0 | N62: 0 | O62: 0 | P62: 0 | Q62: 0 | R62: 0 | S62: 0 | U62: 10 | V62: Joao | W62: 0 | X62: 0 | Y62: 0 | Z62: 0 | AA62: 0 | AB62: 0 | AC62: 0 | AD62: 0 | AE62: 0 | AF62: 0 | AG62: 0 | AH62: 0 | AI62: 0 | AJ62: 0 | AK62: 0 | AL62: 0 | AM62: 0 | AN62: =SUM(W62:AM62) -> 0 | AQ62: =$V$81 -> - | AR62: 0 | AS62: 0 | AT62: 0 | AU62: 0 | AV62: 0 | AW62: 0 | AX62: 0 | AY62: 0 | AZ62: 0 | BA62: 0 | BB62: 0 | BC62: 0 | BD62: 0 | BE62: 0 | BF62: 0 | BG62: 0 | BH62: 0 | BK62: =$V$81 -> - | BL62: 0 | BM62: 0 | BN62: 0 | BO62: 0 | BP62: 0 | BQ62: 0 | BR62: 0 | BS62: 0 | BT62: 0 | BU62: 0 | BV62: 0 | BW62: 0 | BX62: 0 | BY62: 0 | BZ62: 0 | CA62: 0 | CB62: 0
C63: =$V$63 -> Maxime | D63: 0 | E63: 0 | F63: 0 | G63: 0 | H63: 0 | I63: 0 | J63: 0 | K63: 0 | L63: 0 | M63: 0 | N63: 0 | O63: 0 | P63: 0 | Q63: 0 | R63: 0 | S63: 0 | U63: 11 | V63: Maxime | W63: 0 | X63: 0 | Y63: 0 | Z63: 0 | AA63: 0 | AB63: 0 | AC63: 0 | AD63: 0 | AE63: 0 | AF63: 0 | AG63: 0 | AH63: 0 | AI63: 0 | AJ63: 0 | AK63: 0 | AL63: 0 | AM63: 0 | AN63: =SUM(W63:AM63) -> 0 | AQ63: =$V$82 -> - | AR63: 0 | AS63: 0 | AT63: 0 | AU63: 0 | AV63: 0 | AW63: 0 | AX63: 0 | AY63: 0 | AZ63: 0 | BA63: 0 | BB63: 0 | BC63: 0 | BD63: 0 | BE63: 0 | BF63: 0 | BG63: 0 | BH63: 0 | BK63: =$V$82 -> - | BL63: 0 | BM63: 0 | BN63: 0 | BO63: 0 | BP63: 0 | BQ63: 0 | BR63: 0 | BS63: 0 | BT63: 0 | BU63: 0 | BV63: 0 | BW63: 0 | BX63: 0 | BY63: 0 | BZ63: 0 | CA63: 0 | CB63: 0
C64: =$V$64 -> Alex | D64: 0 | E64: 0 | F64: 0 | G64: 0 | H64: 0 | I64: 0 | J64: 0 | K64: 0 | L64: 0 | M64: 0 | N64: 0 | O64: 0 | P64: 0 | Q64: 0 | R64: 0 | S64: 0 | U64: 12 | V64: Alex | W64: 0 | X64: 0 | Y64: 0 | Z64: 0 | AA64: 0 | AB64: 0 | AC64: 0 | AD64: 0 | AE64: 0 | AF64: 0 | AG64: 0 | AH64: 0 | AI64: 0 | AJ64: 0 | AK64: 0 | AL64: 0 | AM64: 0 | AN64: =SUM(W64:AM64) -> 0 | AQ64: =$V$83 -> - | AR64: 0 | AS64: 0 | AT64: 0 | AU64: 0 | AV64: 0 | AW64: 0 | AX64: 0 | AY64: 0 | AZ64: 0 | BA64: 0 | BB64: 0 | BC64: 0 | BD64: 0 | BE64: 0 | BF64: 0 | BG64: 0 | BH64: 0 | BK64: =$V$83 -> - | BL64: 0 | BM64: 0 | BN64: 0 | BO64: 0 | BP64: 0 | BQ64: 0 | BR64: 0 | BS64: 0 | BT64: 0 | BU64: 0 | BV64: 0 | BW64: 0 | BX64: 0 | BY64: 0 | BZ64: 0 | CA64: 0 | CB64: 0
C65: =$V$65 -> Alyssa | D65: 0 | E65: 0 | F65: 0 | G65: 0 | H65: 0 | I65: 0 | J65: 0 | K65: 0 | L65: 0 | M65: 0 | N65: 0 | O65: 0 | P65: 0 | Q65: 0 | R65: 0 | S65: 0 | U65: 13 | V65: Alyssa | W65: 0 | X65: 0 | Y65: 0 | Z65: 0 | AA65: 0 | AB65: 0 | AC65: 0 | AD65: 0 | AE65: 0 | AF65: 0 | AG65: 0 | AH65: 0 | AI65: 0 | AJ65: 0 | AK65: 0 | AL65: 0 | AM65: 0 | AN65: =SUM(W65:AM65) -> 0 | AQ65: =$V$84 -> - | AR65: 0 | AS65: 0 | AT65: 0 | AU65: 0 | AV65: 0 | AW65: 0 | AX65: 0 | AY65: 0 | AZ65: 0 | BA65: 0 | BB65: 0 | BC65: 0 | BD65: 0 | BE65: 0 | BF65: 0 | BG65: 0 | BH65: 0 | BK65: =$V$84 -> - | BL65: 0 | BM65: 0 | BN65: 0 | BO65: 0 | BP65: 0 | BQ65: 0 | BR65: 0 | BS65: 0 | BT65: 0 | BU65: 0 | BV65: 0 | BW65: 0 | BX65: 0 | BY65: 0 | BZ65: 0 | CA65: 0 | CB65: 0
C66: =$V$66 -> Amanda | D66: 0 | E66: 0 | F66: 0 | G66: 0 | H66: 0 | I66: 0 | J66: 0 | K66: 0 | L66: 0 | M66: 0 | N66: 0 | O66: 0 | P66: 0 | Q66: 0 | R66: 0 | S66: 0 | U66: 14 | V66: Amanda | W66: 0 | X66: 0 | Y66: 0 | Z66: 0 | AA66: 0 | AB66: 0 | AC66: 0 | AD66: 0 | AE66: 0 | AF66: 0 | AG66: 0 | AH66: 0 | AI66: 0 | AJ66: 0 | AK66: 0 | AL66: 0 | AM66: 0 | AN66: =SUM(W66:AM66) -> 0 | AQ66: =$V$85 -> - | AR66: 0 | AS66: 0 | AT66: 0 | AU66: 0 | AV66: 0 | AW66: 0 | AX66: 0 | AY66: 0 | AZ66: 0 | BA66: 0 | BB66: 0 | BC66: 0 | BD66: 0 | BE66: 0 | BF66: 0 | BG66: 0 | BH66: 0 | BK66: =$V$85 -> - | BL66: 0 | BM66: 0 | BN66: 0 | BO66: 0 | BP66: 0 | BQ66: 0 | BR66: 0 | BS66: 0 | BT66: 0 | BU66: 0 | BV66: 0 | BW66: 0 | BX66: 0 | BY66: 0 | BZ66: 0 | CA66: 0 | CB66: 0
C67: =$V$67 -> Antoine | D67: 0 | E67: 0 | F67: 0 | G67: 0 | H67: 0 | I67: 0 | J67: 0 | K67: 0 | L67: 0 | M67: 0 | N67: 0 | O67: 0 | P67: 0 | Q67: 0 | R67: 0 | S67: 0 | U67: 15 | V67: Antoine | W67: 0 | X67: 0 | Y67: 0 | Z67: 0 | AA67: 0 | AB67: 0 | AC67: 0 | AD67: 0 | AE67: 0 | AF67: 0 | AG67: 0 | AH67: 0 | AI67: 0 | AJ67: 0 | AK67: 0 | AL67: 0 | AM67: 0 | AN67: =SUM(W67:AM67) -> 0 | AQ67: =$V$86 -> - | AR67: 0 | AS67: 0 | AT67: 0 | AU67: 0 | AV67: 0 | AW67: 0 | AX67: 0 | AY67: 0 | AZ67: 0 | BA67: 0 | BB67: 0 | BC67: 0 | BD67: 0 | BE67: 0 | BF67: 0 | BG67: 0 | BH67: 0 | BK67: =$V$86 -> - | BL67: 0 | BM67: 0 | BN67: 0 | BO67: 0 | BP67: 0 | BQ67: 0 | BR67: 0 | BS67: 0 | BT67: 0 | BU67: 0 | BV67: 0 | BW67: 0 | BX67: 0 | BY67: 0 | BZ67: 0 | CA67: 0 | CB67: 0
C68: =$V$68 -> Beatriz | D68: 0 | E68: 0 | F68: 0 | G68: 0 | H68: 0 | I68: 0 | J68: 0 | K68: 0 | L68: 0 | M68: 0 | N68: 0 | O68: 0 | P68: 0 | Q68: 0 | R68: 0 | S68: 0 | U68: 16 | V68: Beatriz | W68: 0 | X68: 0 | Y68: 0 | Z68: 0 | AA68: 0 | AB68: 0 | AC68: 0 | AD68: 0 | AE68: 0 | AF68: 0 | AG68: 0 | AH68: 0 | AI68: 0 | AJ68: 0 | AK68: 0 | AL68: 0 | AM68: 0 | AN68: =SUM(W68:AM68) -> 0 | AQ68: =$V$87 -> - | AR68: 0 | AS68: 0 | AT68: 0 | AU68: 0 | AV68: 0 | AW68: 0 | AX68: 0 | AY68: 0 | AZ68: 0 | BA68: 0 | BB68: 0 | BC68: 0 | BD68: 0 | BE68: 0 | BF68: 0 | BG68: 0 | BH68: 0 | BK68: =$V$87 -> - | BL68: 0 | BM68: 0 | BN68: 0 | BO68: 0 | BP68: 0 | BQ68: 0 | BR68: 0 | BS68: 0 | BT68: 0 | BU68: 0 | BV68: 0 | BW68: 0 | BX68: 0 | BY68: 0 | BZ68: 0 | CA68: 0 | CB68: 0
C69: =$V$69 -> Charelle | D69: 0 | E69: 0 | F69: 0 | G69: 0 | H69: 0 | I69: 0 | J69: 0 | K69: 0 | L69: 0 | M69: 0 | N69: 0 | O69: 0 | P69: 0 | Q69: 0 | R69: 0 | S69: 0 | U69: 17 | V69: Charelle | W69: 0 | X69: 0 | Y69: 0 | Z69: 0 | AA69: 0 | AB69: 0 | AC69: 0 | AD69: 0 | AE69: 0 | AF69: 0 | AG69: 0 | AH69: 0 | AI69: 0 | AJ69: 0 | AK69: 0 | AL69: 0 | AM69: 0 | AN69: =SUM(W69:AM69) -> 0 | AQ69: =$V$88 -> - | AR69: 0 | AS69: 0 | AT69: 0 | AU69: 0 | AV69: 0 | AW69: 0 | AX69: 0 | AY69: 0 | AZ69: 0 | BA69: 0 | BB69: 0 | BC69: 0 | BD69: 0 | BE69: 0 | BF69: 0 | BG69: 0 | BH69: 0 | BK69: =$V$88 -> - | BL69: 0 | BM69: 0 | BN69: 0 | BO69: 0 | BP69: 0 | BQ69: 0 | BR69: 0 | BS69: 0 | BT69: 0 | BU69: 0 | BV69: 0 | BW69: 0 | BX69: 0 | BY69: 0 | BZ69: 0 | CA69: 0 | CB69: 0
C70: =$V$70 -> Dimitri | D70: 0 | E70: 0 | F70: 0 | G70: 0 | H70: 0 | I70: 0 | J70: 0 | K70: 0 | L70: 0 | M70: 0 | N70: 0 | O70: 0 | P70: 0 | Q70: 0 | R70: 0 | S70: 0 | U70: 18 | V70: Dimitri | W70: 0 | X70: 0 | Y70: 0 | Z70: 0 | AA70: 0 | AB70: 0 | AC70: 0 | AD70: 0 | AE70: 0 | AF70: 0 | AG70: 0 | AH70: 0 | AI70: 0 | AJ70: 0 | AK70: 0 | AL70: 0 | AM70: 0 | AN70: =SUM(W70:AM70) -> 0 | AQ70: =$V$89 -> - | AR70: 0 | AS70: 0 | AT70: 0 | AU70: 0 | AV70: 0 | AW70: 0 | AX70: 0 | AY70: 0 | AZ70: 0 | BA70: 0 | BB70: 0 | BC70: 0 | BD70: 0 | BE70: 0 | BF70: 0 | BG70: 0 | BH70: 0 | BK70: =$V$89 -> - | BL70: 0 | BM70: 0 | BN70: 0 | BO70: 0 | BP70: 0 | BQ70: 0 | BR70: 0 | BS70: 0 | BT70: 0 | BU70: 0 | BV70: 0 | BW70: 0 | BX70: 0 | BY70: 0 | BZ70: 0 | CA70: 0 | CB70: 0
C71: =$V$71 -> Marina | D71: 0 | E71: 0 | F71: 0 | G71: 0 | H71: 0 | I71: 0 | J71: 0 | K71: 0 | L71: 0 | M71: 0 | N71: 0 | O71: 0 | P71: 0 | Q71: 0 | R71: 0 | S71: 0 | U71: 19 | V71: Marina | W71: 0 | X71: 0 | Y71: 0 | Z71: 0 | AA71: 0 | AB71: 0 | AC71: 0 | AD71: 0 | AE71: 0 | AF71: 0 | AG71: 0 | AH71: 0 | AI71: 0 | AJ71: 0 | AK71: 0 | AL71: 0 | AM71: 0 | AN71: =SUM(W71:AM71) -> 0 | AQ71: =$V$90 -> - | AR71: 0 | AS71: 0 | AT71: 0 | AU71: 0 | AV71: 0 | AW71: 0 | AX71: 0 | AY71: 0 | AZ71: 0 | BA71: 0 | BB71: 0 | BC71: 0 | BD71: 0 | BE71: 0 | BF71: 0 | BG71: 0 | BH71: 0 | BK71: =$V$90 -> - | BL71: 0 | BM71: 0 | BN71: 0 | BO71: 0 | BP71: 0 | BQ71: 0 | BR71: 0 | BS71: 0 | BT71: 0 | BU71: 0 | BV71: 0 | BW71: 0 | BX71: 0 | BY71: 0 | BZ71: 0 | CA71: 0 | CB71: 0
C72: =$V$72 -> Michel | D72: 0 | E72: 0 | F72: 0 | G72: 0 | H72: 0 | I72: 0 | J72: 0 | K72: 0 | L72: 0 | M72: 0 | N72: 0 | O72: 0 | P72: 0 | Q72: 0 | R72: 0 | S72: 0 | U72: 20 | V72: Michel | W72: 0 | X72: 0 | Y72: 0 | Z72: 0 | AA72: 0 | AB72: 0 | AC72: 0 | AD72: 0 | AE72: 0 | AF72: 0 | AG72: 0 | AH72: 0 | AI72: 0 | AJ72: 0 | AK72: 0 | AL72: 0 | AM72: 0 | AN72: =SUM(W72:AM72) -> 0 | AQ72: =$V$91 -> - | AR72: 0 | AS72: 0 | AT72: 0 | AU72: 0 | AV72: 0 | AW72: 0 | AX72: 0 | AY72: 0 | AZ72: 0 | BA72: 0 | BB72: 0 | BC72: 0 | BD72: 0 | BE72: 0 | BF72: 0 | BG72: 0 | BH72: 0 | BK72: =$V$91 -> - | BL72: 0 | BM72: 0 | BN72: 0 | BO72: 0 | BP72: 0 | BQ72: 0 | BR72: 0 | BS72: 0 | BT72: 0 | BU72: 0 | BV72: 0 | BW72: 0 | BX72: 0 | BY72: 0 | BZ72: 0 | CA72: 0 | CB72: 0
C73: =$V$73 -> Nour | D73: 0 | E73: 0 | F73: 0 | G73: 0 | H73: 0 | I73: 0 | J73: 0 | K73: 0 | L73: 0 | M73: 0 | N73: 0 | O73: 0 | P73: 0 | Q73: 0 | R73: 0 | S73: 0 | U73: 21 | V73: Nour | W73: 0 | X73: 0 | Y73: 0 | Z73: 0 | AA73: 0 | AB73: 0 | AC73: 0 | AD73: 0 | AE73: 0 | AF73: 0 | AG73: 0 | AH73: 0 | AI73: 0 | AJ73: 0 | AK73: 0 | AL73: 0 | AM73: 0 | AN73: =SUM(W73:AM73) -> 0 | AQ73: =$V$92 -> - | AR73: 0 | AS73: 0 | AT73: 0 | AU73: 0 | AV73: 0 | AW73: 0 | AX73: 0 | AY73: 0 | AZ73: 0 | BA73: 0 | BB73: 0 | BC73: 0 | BD73: 0 | BE73: 0 | BF73: 0 | BG73: 0 | BH73: 0 | BK73: =$V$92 -> - | BL73: 0 | BM73: 0 | BN73: 0 | BO73: 0 | BP73: 0 | BQ73: 0 | BR73: 0 | BS73: 0 | BT73: 0 | BU73: 0 | BV73: 0 | BW73: 0 | BX73: 0 | BY73: 0 | BZ73: 0 | CA73: 0 | CB73: 0
C74: =$V$74 -> Samuel | D74: 0 | E74: 0 | F74: 0 | G74: 0 | H74: 0 | I74: 0 | J74: 0 | K74: 0 | L74: 0 | M74: 0 | N74: 0 | O74: 0 | P74: 0 | Q74: 0 | R74: 0 | S74: 0 | U74: 22 | V74: Samuel | W74: 0 | X74: 0 | Y74: 0 | Z74: 0 | AA74: 0 | AB74: 0 | AC74: 0 | AD74: 0 | AE74: 0 | AF74: 0 | AG74: 0 | AH74: 0 | AI74: 0 | AJ74: 0 | AK74: 0 | AL74: 0 | AM74: 0 | AN74: =SUM(W74:AM74) -> 0 | AP74: =$V$35 -> Entry | AQ74: =$V$53 -> Jennifer | AR74: 1 | AS74: 0 | AT74: 0 | AU74: 1 | AV74: 0 | AW74: 0 | AX74: 0 | AY74: 0 | AZ74: 1 | BA74: 0 | BB74: 0 | BC74: 0 | BD74: 0 | BE74: 0 | BF74: 0 | BG74: 0 | BH74: 0
C75: =$V$75 -> Yassin | D75: 0 | E75: 0 | F75: 0 | G75: 0 | H75: 0 | I75: 0 | J75: 0 | K75: 0 | L75: 0 | M75: 0 | N75: 0 | O75: 0 | P75: 0 | Q75: 0 | R75: 0 | S75: 0 | U75: 23 | V75: Yassin | W75: 0 | X75: 0 | Y75: 0 | Z75: 0 | AA75: 0 | AB75: 0 | AC75: 0 | AD75: 0 | AE75: 0 | AF75: 0 | AG75: 0 | AH75: 0 | AI75: 0 | AJ75: 0 | AK75: 0 | AL75: 0 | AM75: 0 | AN75: =SUM(W75:AM75) -> 0 | AQ75: =$V$54 -> Galileo | AR75: 0 | AS75: 1 | AT75: 0 | AU75: 0 | AV75: 0 | AW75: 0 | AX75: 0 | AY75: 0 | AZ75: 0 | BA75: 0 | BB75: 0 | BC75: 0 | BD75: 0 | BE75: 0 | BF75: 0 | BG75: 0 | BH75: 0 | BK75: =CONCATENATE("OBLIGATORIEDAD DE (",BK76,")") -> OBLIGATORIEDAD DE (Entry)
C76: =$V$76 -> Kamar | D76: 0 | E76: 0 | F76: 0 | G76: 0 | H76: 0 | I76: 0 | J76: 0 | K76: 0 | L76: 0 | M76: 0 | N76: 0 | O76: 0 | P76: 0 | Q76: 0 | R76: 0 | S76: 0 | U76: 24 | V76: Kamar | W76: 0 | X76: 0 | Y76: 0 | Z76: 0 | AA76: 0 | AB76: 0 | AC76: 0 | AD76: 0 | AE76: 0 | AF76: 0 | AG76: 0 | AH76: 0 | AI76: 0 | AJ76: 0 | AK76: 0 | AL76: 0 | AM76: 0 | AN76: =SUM(W76:AM76) -> 0 | AQ76: =$V$55 -> Óscar | AR76: 0 | AS76: 0 | AT76: 1 | AU76: 0 | AV76: 0 | AW76: 0 | AX76: 0 | AY76: 0 | AZ76: 0 | BA76: 0 | BB76: 0 | BC76: 0 | BD76: 0 | BE76: 0 | BF76: 0 | BG76: 0 | BH76: 0 | BK76: =V35 -> Entry | BL76: =$W$33 -> 16h | BM76: =$X$33 -> 17h | BN76: =$Y$33 -> 18h | BO76: =$Z$33 -> 19h | BP76: =$AA$33 -> 20h | BQ76: =$AB$33 -> 21h | BR76: =$AC$33 -> 22h | BS76: =$AD$33 -> 23h | BT76: =$AE$33 -> 00h | BU76: =$AF$33 -> 01h | BV76: =$AG$33 -> 02h | BW76: =$AH$33 -> 03h | BX76: =$AI$33 -> 04h | BY76: =$AJ$33 -> 05h | BZ76: =$AK$33 -> 06h | CA76: =$AL$33 -> 07h | CB76: =$AM$33 -> 08h
C77: =$V$77 -> - | D77: 0 | E77: 0 | F77: 0 | G77: 0 | H77: 0 | I77: 0 | J77: 0 | K77: 0 | L77: 0 | M77: 0 | N77: 0 | O77: 0 | P77: 0 | Q77: 0 | R77: 0 | S77: 0 | U77: 25 | V77: - | W77: 0 | X77: 0 | Y77: 0 | Z77: 0 | AA77: 0 | AB77: 0 | AC77: 0 | AD77: 0 | AE77: 0 | AF77: 0 | AG77: 0 | AH77: 0 | AI77: 0 | AJ77: 0 | AK77: 0 | AL77: 0 | AM77: 0 | AN77: =SUM(W77:AM77) -> 0 | AQ77: =$V$56 -> Sebastián | AR77: 0 | AS77: 0 | AT77: 0 | AU77: 0 | AV77: 0 | AW77: 1 | AX77: 0 | AY77: 1 | AZ77: 0 | BA77: 0 | BB77: 0 | BC77: 1 | BD77: 0 | BE77: 0 | BF77: 0 | BG77: 0 | BH77: 0 | BK77: =$V$53 -> Jennifer | BL77: 0 | BM77: 0 | BN77: 0 | BO77: 0 | BP77: 0 | BQ77: 0 | BR77: 0 | BS77: 0 | BT77: 0 | BU77: 0 | BV77: 0 | BW77: 0 | BX77: 0 | BY77: 0 | BZ77: 0 | CA77: 0 | CB77: 0
C78: =$V$78 -> - | D78: 0 | E78: 0 | F78: 0 | G78: 0 | H78: 0 | I78: 0 | J78: 0 | K78: 0 | L78: 0 | M78: 0 | N78: 0 | O78: 0 | P78: 0 | Q78: 0 | R78: 0 | S78: 0 | U78: 26 | V78: - | W78: 0 | X78: 0 | Y78: 0 | Z78: 0 | AA78: 0 | AB78: 0 | AC78: 0 | AD78: 0 | AE78: 0 | AF78: 0 | AG78: 0 | AH78: 0 | AI78: 0 | AJ78: 0 | AK78: 0 | AL78: 0 | AM78: 0 | AN78: =SUM(W78:AM78) -> 0 | AQ78: =$V$57 -> Marcos | AR78: 0 | AS78: 0 | AT78: 0 | AU78: 0 | AV78: 0 | AW78: 0 | AX78: 0 | AY78: 0 | AZ78: 0 | BA78: 0 | BB78: 1 | BC78: 0 | BD78: 0 | BE78: 0 | BF78: 0 | BG78: 0 | BH78: 0 | BK78: =$V$54 -> Galileo | BL78: 0 | BM78: 0 | BN78: 0 | BO78: 0 | BP78: 0 | BQ78: 0 | BR78: 0 | BS78: 0 | BT78: 0 | BU78: 0 | BV78: 0 | BW78: 0 | BX78: 0 | BY78: 0 | BZ78: 0 | CA78: 0 | CB78: 0
C79: =$V$79 -> - | D79: 0 | E79: 0 | F79: 0 | G79: 0 | H79: 0 | I79: 0 | J79: 0 | K79: 0 | L79: 0 | M79: 0 | N79: 0 | O79: 0 | P79: 0 | Q79: 0 | R79: 0 | S79: 0 | U79: 27 | V79: - | W79: 0 | X79: 0 | Y79: 0 | Z79: 0 | AA79: 0 | AB79: 0 | AC79: 0 | AD79: 0 | AE79: 0 | AF79: 0 | AG79: 0 | AH79: 0 | AI79: 0 | AJ79: 0 | AK79: 0 | AL79: 0 | AM79: 0 | AN79: =SUM(W79:AM79) -> 0 | AQ79: =$V$58 -> Weixin | AR79: 0 | AS79: 0 | AT79: 0 | AU79: 0 | AV79: 1 | AW79: 0 | AX79: 1 | AY79: 0 | AZ79: 0 | BA79: 1 | BB79: 0 | BC79: 0 | BD79: 0 | BE79: 0 | BF79: 0 | BG79: 0 | BH79: 0 | BK79: =$V$55 -> Óscar | BL79: 0 | BM79: 0 | BN79: 0 | BO79: 0 | BP79: 0 | BQ79: 0 | BR79: 0 | BS79: 0 | BT79: 0 | BU79: 0 | BV79: 0 | BW79: 0 | BX79: 0 | BY79: 0 | BZ79: 0 | CA79: 0 | CB79: 0
C80: =$V$80 -> - | D80: 0 | E80: 0 | F80: 0 | G80: 0 | H80: 0 | I80: 0 | J80: 0 | K80: 0 | L80: 0 | M80: 0 | N80: 0 | O80: 0 | P80: 0 | Q80: 0 | R80: 0 | S80: 0 | U80: 28 | V80: - | W80: 0 | X80: 0 | Y80: 0 | Z80: 0 | AA80: 0 | AB80: 0 | AC80: 0 | AD80: 0 | AE80: 0 | AF80: 0 | AG80: 0 | AH80: 0 | AI80: 0 | AJ80: 0 | AK80: 0 | AL80: 0 | AM80: 0 | AN80: =SUM(W80:AM80) -> 0 | AQ80: =$V$59 -> Benjamin | AR80: 0 | AS80: 0 | AT80: 0 | AU80: 0 | AV80: 0 | AW80: 0 | AX80: 0 | AY80: 0 | AZ80: 0 | BA80: 0 | BB80: 0 | BC80: 0 | BD80: 0 | BE80: 0 | BF80: 0 | BG80: 0 | BH80: 0 | BK80: =$V$56 -> Sebastián | BL80: 0 | BM80: 0 | BN80: 0 | BO80: 0 | BP80: 0 | BQ80: 0 | BR80: 0 | BS80: 0 | BT80: 0 | BU80: 0 | BV80: 0 | BW80: 0 | BX80: 0 | BY80: 0 | BZ80: 0 | CA80: 0 | CB80: 0
C81: =$V$81 -> - | D81: 0 | E81: 0 | F81: 0 | G81: 0 | H81: 0 | I81: 0 | J81: 0 | K81: 0 | L81: 0 | M81: 0 | N81: 0 | O81: 0 | P81: 0 | Q81: 0 | R81: 0 | S81: 0 | U81: 29 | V81: - | W81: 0 | X81: 0 | Y81: 0 | Z81: 0 | AA81: 0 | AB81: 0 | AC81: 0 | AD81: 0 | AE81: 0 | AF81: 0 | AG81: 0 | AH81: 0 | AI81: 0 | AJ81: 0 | AK81: 0 | AL81: 0 | AM81: 0 | AN81: =SUM(W81:AM81) -> 0 | AQ81: =$V$60 -> Joelle | AR81: 0 | AS81: 0 | AT81: 0 | AU81: 0 | AV81: 0 | AW81: 0 | AX81: 0 | AY81: 0 | AZ81: 0 | BA81: 0 | BB81: 0 | BC81: 0 | BD81: 0 | BE81: 0 | BF81: 0 | BG81: 0 | BH81: 0 | BK81: =$V$57 -> Marcos | BL81: 0 | BM81: 0 | BN81: 0 | BO81: 0 | BP81: 0 | BQ81: 0 | BR81: 0 | BS81: 0 | BT81: 0 | BU81: 0 | BV81: 0 | BW81: 0 | BX81: 0 | BY81: 0 | BZ81: 0 | CA81: 0 | CB81: 0
C82: =$V$82 -> - | D82: 0 | E82: 0 | F82: 0 | G82: 0 | H82: 0 | I82: 0 | J82: 0 | K82: 0 | L82: 0 | M82: 0 | N82: 0 | O82: 0 | P82: 0 | Q82: 0 | R82: 0 | S82: 0 | U82: 30 | V82: - | W82: 0 | X82: 0 | Y82: 0 | Z82: 0 | AA82: 0 | AB82: 0 | AC82: 0 | AD82: 0 | AE82: 0 | AF82: 0 | AG82: 0 | AH82: 0 | AI82: 0 | AJ82: 0 | AK82: 0 | AL82: 0 | AM82: 0 | AN82: =SUM(W82:AM82) -> 0 | AQ82: =$V$61 -> Alexia | AR82: 0 | AS82: 0 | AT82: 0 | AU82: 0 | AV82: 0 | AW82: 0 | AX82: 0 | AY82: 0 | AZ82: 0 | BA82: 0 | BB82: 0 | BC82: 0 | BD82: 0 | BE82: 0 | BF82: 0 | BG82: 0 | BH82: 0 | BK82: =$V$58 -> Weixin | BL82: 0 | BM82: 0 | BN82: 0 | BO82: 0 | BP82: 0 | BQ82: 0 | BR82: 0 | BS82: 0 | BT82: 0 | BU82: 0 | BV82: 0 | BW82: 0 | BX82: 0 | BY82: 0 | BZ82: 0 | CA82: 0 | CB82: 0
C83: =$V$83 -> - | D83: 0 | E83: 0 | F83: 0 | G83: 0 | H83: 0 | I83: 0 | J83: 0 | K83: 0 | L83: 0 | M83: 0 | N83: 0 | O83: 0 | P83: 0 | Q83: 0 | R83: 0 | S83: 0 | U83: 31 | V83: - | W83: 0 | X83: 0 | Y83: 0 | Z83: 0 | AA83: 0 | AB83: 0 | AC83: 0 | AD83: 0 | AE83: 0 | AF83: 0 | AG83: 0 | AH83: 0 | AI83: 0 | AJ83: 0 | AK83: 0 | AL83: 0 | AM83: 0 | AN83: =SUM(W83:AM83) -> 0 | AQ83: =$V$62 -> Joao | AR83: 0 | AS83: 0 | AT83: 0 | AU83: 0 | AV83: 0 | AW83: 0 | AX83: 0 | AY83: 0 | AZ83: 0 | BA83: 0 | BB83: 0 | BC83: 0 | BD83: 0 | BE83: 0 | BF83: 0 | BG83: 0 | BH83: 0 | BK83: =$V$59 -> Benjamin | BL83: 0 | BM83: 0 | BN83: 0 | BO83: 0 | BP83: 0 | BQ83: 0 | BR83: 0 | BS83: 0 | BT83: 0 | BU83: 0 | BV83: 0 | BW83: 0 | BX83: 0 | BY83: 0 | BZ83: 0 | CA83: 0 | CB83: 0
C84: =$V$84 -> - | D84: 0 | E84: 0 | F84: 0 | G84: 0 | H84: 0 | I84: 0 | J84: 0 | K84: 0 | L84: 0 | M84: 0 | N84: 0 | O84: 0 | P84: 0 | Q84: 0 | R84: 0 | S84: 0 | U84: 32 | V84: - | W84: 0 | X84: 0 | Y84: 0 | Z84: 0 | AA84: 0 | AB84: 0 | AC84: 0 | AD84: 0 | AE84: 0 | AF84: 0 | AG84: 0 | AH84: 0 | AI84: 0 | AJ84: 0 | AK84: 0 | AL84: 0 | AM84: 0 | AN84: =SUM(W84:AM84) -> 0 | AQ84: =$V$63 -> Maxime | AR84: 0 | AS84: 0 | AT84: 0 | AU84: 0 | AV84: 0 | AW84: 0 | AX84: 0 | AY84: 0 | AZ84: 0 | BA84: 0 | BB84: 0 | BC84: 0 | BD84: 0 | BE84: 0 | BF84: 0 | BG84: 0 | BH84: 0 | BK84: =$V$60 -> Joelle | BL84: 0 | BM84: 0 | BN84: 0 | BO84: 0 | BP84: 0 | BQ84: 0 | BR84: 0 | BS84: 0 | BT84: 0 | BU84: 0 | BV84: 0 | BW84: 0 | BX84: 0 | BY84: 0 | BZ84: 0 | CA84: 0 | CB84: 0
C85: =$V$85 -> - | D85: 0 | E85: 0 | F85: 0 | G85: 0 | H85: 0 | I85: 0 | J85: 0 | K85: 0 | L85: 0 | M85: 0 | N85: 0 | O85: 0 | P85: 0 | Q85: 0 | R85: 0 | S85: 0 | U85: 33 | V85: - | W85: 0 | X85: 0 | Y85: 0 | Z85: 0 | AA85: 0 | AB85: 0 | AC85: 0 | AD85: 0 | AE85: 0 | AF85: 0 | AG85: 0 | AH85: 0 | AI85: 0 | AJ85: 0 | AK85: 0 | AL85: 0 | AM85: 0 | AN85: =SUM(W85:AM85) -> 0 | AQ85: =$V$64 -> Alex | AR85: 0 | AS85: 0 | AT85: 0 | AU85: 0 | AV85: 0 | AW85: 0 | AX85: 0 | AY85: 0 | AZ85: 0 | BA85: 0 | BB85: 0 | BC85: 0 | BD85: 0 | BE85: 0 | BF85: 0 | BG85: 0 | BH85: 0 | BK85: =$V$61 -> Alexia | BL85: 0 | BM85: 0 | BN85: 0 | BO85: 0 | BP85: 0 | BQ85: 0 | BR85: 0 | BS85: 0 | BT85: 0 | BU85: 0 | BV85: 0 | BW85: 0 | BX85: 0 | BY85: 0 | BZ85: 0 | CA85: 0 | CB85: 0
C86: =$V$86 -> - | D86: 0 | E86: 0 | F86: 0 | G86: 0 | H86: 0 | I86: 0 | J86: 0 | K86: 0 | L86: 0 | M86: 0 | N86: 0 | O86: 0 | P86: 0 | Q86: 0 | R86: 0 | S86: 0 | U86: 34 | V86: - | W86: 0 | X86: 0 | Y86: 0 | Z86: 0 | AA86: 0 | AB86: 0 | AC86: 0 | AD86: 0 | AE86: 0 | AF86: 0 | AG86: 0 | AH86: 0 | AI86: 0 | AJ86: 0 | AK86: 0 | AL86: 0 | AM86: 0 | AN86: =SUM(W86:AM86) -> 0 | AQ86: =$V$65 -> Alyssa | AR86: 0 | AS86: 0 | AT86: 0 | AU86: 0 | AV86: 0 | AW86: 0 | AX86: 0 | AY86: 0 | AZ86: 0 | BA86: 0 | BB86: 0 | BC86: 0 | BD86: 0 | BE86: 0 | BF86: 0 | BG86: 0 | BH86: 0 | BK86: =$V$62 -> Joao | BL86: 0 | BM86: 0 | BN86: 0 | BO86: 0 | BP86: 0 | BQ86: 0 | BR86: 0 | BS86: 0 | BT86: 0 | BU86: 0 | BV86: 0 | BW86: 0 | BX86: 0 | BY86: 0 | BZ86: 0 | CA86: 0 | CB86: 0
C87: =$V$87 -> - | D87: 0 | E87: 0 | F87: 0 | G87: 0 | H87: 0 | I87: 0 | J87: 0 | K87: 0 | L87: 0 | M87: 0 | N87: 0 | O87: 0 | P87: 0 | Q87: 0 | R87: 0 | S87: 0 | U87: 35 | V87: - | W87: 0 | X87: 0 | Y87: 0 | Z87: 0 | AA87: 0 | AB87: 0 | AC87: 0 | AD87: 0 | AE87: 0 | AF87: 0 | AG87: 0 | AH87: 0 | AI87: 0 | AJ87: 0 | AK87: 0 | AL87: 0 | AM87: 0 | AN87: =SUM(W87:AM87) -> 0 | AQ87: =$V$66 -> Amanda | AR87: 0 | AS87: 0 | AT87: 0 | AU87: 0 | AV87: 0 | AW87: 0 | AX87: 0 | AY87: 0 | AZ87: 0 | BA87: 0 | BB87: 0 | BC87: 0 | BD87: 0 | BE87: 0 | BF87: 0 | BG87: 0 | BH87: 0 | BK87: =$V$63 -> Maxime | BL87: 0 | BM87: 0 | BN87: 0 | BO87: 0 | BP87: 0 | BQ87: 0 | BR87: 0 | BS87: 0 | BT87: 0 | BU87: 0 | BV87: 0 | BW87: 0 | BX87: 0 | BY87: 0 | BZ87: 0 | CA87: 0 | CB87: 0
C88: =$V$88 -> - | D88: 0 | E88: 0 | F88: 0 | G88: 0 | H88: 0 | I88: 0 | J88: 0 | K88: 0 | L88: 0 | M88: 0 | N88: 0 | O88: 0 | P88: 0 | Q88: 0 | R88: 0 | S88: 0 | U88: 36 | V88: - | W88: 0 | X88: 0 | Y88: 0 | Z88: 0 | AA88: 0 | AB88: 0 | AC88: 0 | AD88: 0 | AE88: 0 | AF88: 0 | AG88: 0 | AH88: 0 | AI88: 0 | AJ88: 0 | AK88: 0 | AL88: 0 | AM88: 0 | AN88: =SUM(W88:AM88) -> 0 | AQ88: =$V$67 -> Antoine | AR88: 0 | AS88: 0 | AT88: 0 | AU88: 0 | AV88: 0 | AW88: 0 | AX88: 0 | AY88: 0 | AZ88: 0 | BA88: 0 | BB88: 0 | BC88: 0 | BD88: 0 | BE88: 0 | BF88: 0 | BG88: 0 | BH88: 0 | BK88: =$V$64 -> Alex | BL88: 0 | BM88: 0 | BN88: 0 | BO88: 0 | BP88: 0 | BQ88: 0 | BR88: 0 | BS88: 0 | BT88: 0 | BU88: 0 | BV88: 0 | BW88: 0 | BX88: 0 | BY88: 0 | BZ88: 0 | CA88: 0 | CB88: 0
C89: =$V$89 -> - | D89: 0 | E89: 0 | F89: 0 | G89: 0 | H89: 0 | I89: 0 | J89: 0 | K89: 0 | L89: 0 | M89: 0 | N89: 0 | O89: 0 | P89: 0 | Q89: 0 | R89: 0 | S89: 0 | U89: 37 | V89: - | W89: 0 | X89: 0 | Y89: 0 | Z89: 0 | AA89: 0 | AB89: 0 | AC89: 0 | AD89: 0 | AE89: 0 | AF89: 0 | AG89: 0 | AH89: 0 | AI89: 0 | AJ89: 0 | AK89: 0 | AL89: 0 | AM89: 0 | AN89: =SUM(W89:AM89) -> 0 | AQ89: =$V$68 -> Beatriz | AR89: 0 | AS89: 0 | AT89: 0 | AU89: 0 | AV89: 0 | AW89: 0 | AX89: 0 | AY89: 0 | AZ89: 0 | BA89: 0 | BB89: 0 | BC89: 0 | BD89: 0 | BE89: 0 | BF89: 0 | BG89: 0 | BH89: 0 | BK89: =$V$65 -> Alyssa | BL89: 0 | BM89: 0 | BN89: 0 | BO89: 0 | BP89: 0 | BQ89: 0 | BR89: 0 | BS89: 0 | BT89: 0 | BU89: 0 | BV89: 0 | BW89: 0 | BX89: 0 | BY89: 0 | BZ89: 0 | CA89: 0 | CB89: 0
C90: =$V$90 -> - | D90: 0 | E90: 0 | F90: 0 | G90: 0 | H90: 0 | I90: 0 | J90: 0 | K90: 0 | L90: 0 | M90: 0 | N90: 0 | O90: 0 | P90: 0 | Q90: 0 | R90: 0 | S90: 0 | U90: 38 | V90: - | W90: 0 | X90: 0 | Y90: 0 | Z90: 0 | AA90: 0 | AB90: 0 | AC90: 0 | AD90: 0 | AE90: 0 | AF90: 0 | AG90: 0 | AH90: 0 | AI90: 0 | AJ90: 0 | AK90: 0 | AL90: 0 | AM90: 0 | AN90: =SUM(W90:AM90) -> 0 | AQ90: =$V$69 -> Charelle | AR90: 0 | AS90: 0 | AT90: 0 | AU90: 0 | AV90: 0 | AW90: 0 | AX90: 0 | AY90: 0 | AZ90: 0 | BA90: 0 | BB90: 0 | BC90: 0 | BD90: 0 | BE90: 0 | BF90: 0 | BG90: 0 | BH90: 0 | BK90: =$V$66 -> Amanda | BL90: 0 | BM90: 0 | BN90: 0 | BO90: 0 | BP90: 0 | BQ90: 0 | BR90: 0 | BS90: 0 | BT90: 0 | BU90: 0 | BV90: 0 | BW90: 0 | BX90: 0 | BY90: 0 | BZ90: 0 | CA90: 0 | CB90: 0
C91: =$V$91 -> - | D91: 0 | E91: 0 | F91: 0 | G91: 0 | H91: 0 | I91: 0 | J91: 0 | K91: 0 | L91: 0 | M91: 0 | N91: 0 | O91: 0 | P91: 0 | Q91: 0 | R91: 0 | S91: 0 | U91: 39 | V91: - | W91: 0 | X91: 0 | Y91: 0 | Z91: 0 | AA91: 0 | AB91: 0 | AC91: 0 | AD91: 0 | AE91: 0 | AF91: 0 | AG91: 0 | AH91: 0 | AI91: 0 | AJ91: 0 | AK91: 0 | AL91: 0 | AM91: 0 | AN91: =SUM(W91:AM91) -> 0 | AQ91: =$V$70 -> Dimitri | AR91: 0 | AS91: 0 | AT91: 0 | AU91: 0 | AV91: 0 | AW91: 0 | AX91: 0 | AY91: 0 | AZ91: 0 | BA91: 0 | BB91: 0 | BC91: 0 | BD91: 0 | BE91: 0 | BF91: 0 | BG91: 0 | BH91: 0 | BK91: =$V$67 -> Antoine | BL91: 0 | BM91: 0 | BN91: 0 | BO91: 0 | BP91: 0 | BQ91: 0 | BR91: 0 | BS91: 0 | BT91: 0 | BU91: 0 | BV91: 0 | BW91: 0 | BX91: 0 | BY91: 0 | BZ91: 0 | CA91: 0 | CB91: 0
C92: =$V$92 -> - | D92: 0 | E92: 0 | F92: 0 | G92: 0 | H92: 0 | I92: 0 | J92: 0 | K92: 0 | L92: 0 | M92: 0 | N92: 0 | O92: 0 | P92: 0 | Q92: 0 | R92: 0 | S92: 0 | U92: 40 | V92: - | W92: 0 | X92: 0 | Y92: 0 | Z92: 0 | AA92: 0 | AB92: 0 | AC92: 0 | AD92: 0 | AE92: 0 | AF92: 0 | AG92: 0 | AH92: 0 | AI92: 0 | AJ92: 0 | AK92: 0 | AL92: 0 | AM92: 0 | AN92: =SUM(W92:AM92) -> 0 | AQ92: =$V$71 -> Marina | AR92: 0 | AS92: 0 | AT92: 0 | AU92: 0 | AV92: 0 | AW92: 0 | AX92: 0 | AY92: 0 | AZ92: 0 | BA92: 0 | BB92: 0 | BC92: 0 | BD92: 0 | BE92: 0 | BF92: 0 | BG92: 0 | BH92: 0 | BK92: =$V$68 -> Beatriz | BL92: 0 | BM92: 0 | BN92: 0 | BO92: 0 | BP92: 0 | BQ92: 0 | BR92: 0 | BS92: 0 | BT92: 0 | BU92: 0 | BV92: 0 | BW92: 0 | BX92: 0 | BY92: 0 | BZ92: 0 | CA92: 0 | CB92: 0
V93: TOTAL / HORA | W93: =SUM(W53:W92) -> 7 | X93: =SUM(X53:X92) -> 7 | Y93: =SUM(Y53:Y92) -> 7 | Z93: =SUM(Z53:Z92) -> 7 | AA93: =SUM(AA53:AA92) -> 7 | AB93: =SUM(AB53:AB92) -> 7 | AC93: =SUM(AC53:AC92) -> 7 | AD93: =SUM(AD53:AD92) -> 7 | ... AM93: =SUM(AM53:AM92) -> 0 | AQ93: =$V$72 -> Michel | AR93: 0 | AS93: 0 | AT93: 0 | AU93: 0 | AV93: 0 | AW93: 0 | AX93: 0 | AY93: 0 | AZ93: 0 | BA93: 0 | BB93: 0 | BC93: 0 | BD93: 0 | BE93: 0 | BF93: 0 | BG93: 0 | BH93: 0 | BK93: =$V$69 -> Charelle | BL93: 0 | BM93: 0 | BN93: 0 | BO93: 0 | BP93: 0 | BQ93: 0 | BR93: 0 | BS93: 0 | BT93: 0 | BU93: 0 | BV93: 0 | BW93: 0 | BX93: 0 | BY93: 0 | BZ93: 0 | CA93: 0 | CB93: 0
AQ94: =$V$73 -> Nour | AR94: 0 | AS94: 0 | AT94: 0 | AU94: 0 | AV94: 0 | AW94: 0 | AX94: 0 | AY94: 0 | AZ94: 0 | BA94: 0 | BB94: 0 | BC94: 0 | BD94: 0 | BE94: 0 | BF94: 0 | BG94: 0 | BH94: 0 | BK94: =$V$70 -> Dimitri | BL94: 0 | BM94: 0 | BN94: 0 | BO94: 0 | BP94: 0 | BQ94: 0 | BR94: 0 | BS94: 0 | BT94: 0 | BU94: 0 | BV94: 0 | BW94: 0 | BX94: 0 | BY94: 0 | BZ94: 0 | CA94: 0 | CB94: 0
AQ95: =$V$74 -> Samuel | AR95: 0 | AS95: 0 | AT95: 0 | AU95: 0 | AV95: 0 | AW95: 0 | AX95: 0 | AY95: 0 | AZ95: 0 | BA95: 0 | BB95: 0 | BC95: 0 | BD95: 0 | BE95: 0 | BF95: 0 | BG95: 0 | BH95: 0 | BK95: =$V$71 -> Marina | BL95: 0 | BM95: 0 | BN95: 0 | BO95: 0 | BP95: 0 | BQ95: 0 | BR95: 0 | BS95: 0 | BT95: 0 | BU95: 0 | BV95: 0 | BW95: 0 | BX95: 0 | BY95: 0 | BZ95: 0 | CA95: 0 | CB95: 0
AQ96: =$V$75 -> Yassin | AR96: 0 | AS96: 0 | AT96: 0 | AU96: 0 | AV96: 0 | AW96: 0 | AX96: 0 | AY96: 0 | AZ96: 0 | BA96: 0 | BB96: 0 | BC96: 0 | BD96: 0 | BE96: 0 | BF96: 0 | BG96: 0 | BH96: 0 | BK96: =$V$72 -> Michel | BL96: 0 | BM96: 0 | BN96: 0 | BO96: 0 | BP96: 0 | BQ96: 0 | BR96: 0 | BS96: 0 | BT96: 0 | BU96: 0 | BV96: 0 | BW96: 0 | BX96: 0 | BY96: 0 | BZ96: 0 | CA96: 0 | CB96: 0
B97: variables binarias para descansos intermitentes | V97: CAPACIDADES | W97: {=TRANSPOSE(V34:V48)} -> Set up | X97: Entry | Y97: Bar | Z97: C-mix | AA97: Rez | AB97: Homing | AC97: Toilets | AD97: Level | AE97: Çapèse | AF97: Tidying | AG97: Volante | AH97: Dummy 1 | AI97: Dummy 2 | AJ97: Dummy 3 | AK97: Dummy 4 | AQ97: =$V$76 -> Kamar | AR97: 0 | AS97: 0 | AT97: 0 | AU97: 0 | AV97: 0 | AW97: 0 | AX97: 0 | AY97: 0 | AZ97: 0 | BA97: 0 | BB97: 0 | BC97: 0 | BD97: 0 | BE97: 0 | BF97: 0 | BG97: 0 | BH97: 0 | BK97: =$V$73 -> Nour | BL97: 0 | BM97: 0 | BN97: 0 | BO97: 0 | BP97: 0 | BQ97: 0 | BR97: 0 | BS97: 0 | BT97: 0 | BU97: 0 | BV97: 0 | BW97: 0 | BX97: 0 | BY97: 0 | BZ97: 0 | CA97: 0 | CB97: 0
B98: HUECOS | C98: =$W$33 -> 16h | D98: =$X$33 -> 17h | E98: =$Y$33 -> 18h | F98: =$Z$33 -> 19h | G98: =$AA$33 -> 20h | H98: =$AB$33 -> 21h | I98: =$AC$33 -> 22h | J98: =$AD$33 -> 23h | K98: =$AE$33 -> 00h | L98: =$AF$33 -> 01h | M98: =$AG$33 -> 02h | N98: =$AH$33 -> 03h | O98: =$AI$33 -> 04h | P98: =$AJ$33 -> 05h | Q98: =$AK$33 -> 06h | R98: =$AL$33 -> 07h | S98: =$AM$33 -> 08h | V98: =$V$53 -> Jennifer | W98: 1 | X98: 1 | Y98: 1 | Z98: 1 | AA98: 1 | AB98: 1 | AC98: 1 | AD98: 1 | AE98: 1 | AF98: 1 | AG98: 1 | AH98: 1 | AI98: 1 | AJ98: 1 | AK98: 1 | AQ98: =$V$77 -> - | AR98: 0 | AS98: 0 | AT98: 0 | AU98: 0 | AV98: 0 | AW98: 0 | AX98: 0 | AY98: 0 | AZ98: 0 | BA98: 0 | BB98: 0 | BC98: 0 | BD98: 0 | BE98: 0 | BF98: 0 | BG98: 0 | BH98: 0 | BK98: =$V$74 -> Samuel | BL98: 0 | BM98: 0 | BN98: 0 | BO98: 0 | BP98: 0 | BQ98: 0 | BR98: 0 | BS98: 0 | BT98: 0 | BU98: 0 | BV98: 0 | BW98: 0 | BX98: 0 | BY98: 0 | BZ98: 0 | CA98: 0 | CB98: 0
B99: =$V$53 -> Jennifer | C99: 0 | D99: 0 | E99: 0 | F99: 0 | G99: 0 | H99: 0 | I99: 0 | J99: 0 | K99: 0 | L99: 0 | M99: 0 | N99: 0 | O99: 0 | P99: 0 | Q99: 0 | R99: 0 | S99: 0 | V99: =$V$54 -> Galileo | W99: 1 | X99: 1 | Y99: 1 | Z99: 1 | AA99: 1 | AB99: 1 | AC99: 1 | AD99: 1 | AE99: 1 | AF99: 1 | AG99: 1 | AH99: 1 | AI99: 1 | AJ99: 1 | AK99: 1 | AQ99: =$V$78 -> - | AR99: 0 | AS99: 0 | AT99: 0 | AU99: 0 | AV99: 0 | AW99: 0 | AX99: 0 | AY99: 0 | AZ99: 0 | BA99: 0 | BB99: 0 | BC99: 0 | BD99: 0 | BE99: 0 | BF99: 0 | BG99: 0 | BH99: 0 | BK99: =$V$75 -> Yassin | BL99: 0 | BM99: 0 | BN99: 0 | BO99: 0 | BP99: 0 | BQ99: 0 | BR99: 0 | BS99: 0 | BT99: 0 | BU99: 0 | BV99: 0 | BW99: 0 | BX99: 0 | BY99: 0 | BZ99: 0 | CA99: 0 | CB99: 0
B100: =$V$54 -> Galileo | C100: 0 | D100: 0 | E100: 0 | F100: 0 | G100: 0 | H100: 0 | I100: 0 | J100: 0 | K100: 0 | L100: 0 | M100: 0 | N100: 0 | O100: 0 | P100: 0 | Q100: 0 | R100: 0 | S100: 0 | V100: =$V$55 -> Óscar | W100: 1 | X100: 1 | Y100: 1 | Z100: 1 | AA100: 1 | AB100: 1 | AC100: 1 | AD100: 1 | AE100: 1 | AF100: 1 | AG100: 1 | AH100: 1 | AI100: 1 | AJ100: 1 | AK100: 1 | AQ100: =$V$79 -> - | AR100: 0 | AS100: 0 | AT100: 0 | AU100: 0 | AV100: 0 | AW100: 0 | AX100: 0 | AY100: 0 | AZ100: 0 | BA100: 0 | BB100: 0 | BC100: 0 | BD100: 0 | BE100: 0 | BF100: 0 | BG100: 0 | BH100: 0 | BK100: =$V$76 -> Kamar | BL100: 0 | BM100: 0 | BN100: 0 | BO100: 0 | BP100: 0 | BQ100: 0 | BR100: 0 | BS100: 0 | BT100: 0 | BU100: 0 | BV100: 0 | BW100: 0 | BX100: 0 | BY100: 0 | BZ100: 0 | CA100: 0 | CB100: 0
B101: =$V$55 -> Óscar | C101: 0 | D101: 0 | E101: 0 | F101: 0 | G101: 0 | H101: 0 | I101: 0 | J101: 0 | K101: 0 | L101: 0 | M101: 0 | N101: 0 | O101: 0 | P101: 0 | Q101: 0 | R101: 0 | S101: 0 | V101: =$V$56 -> Sebastián | W101: 1 | X101: 1 | Y101: 1 | Z101: 1 | AA101: 1 | AB101: 1 | AC101: 1 | AD101: 1 | AE101: 1 | AF101: 1 | AG101: 1 | AH101: 1 | AI101: 1 | AJ101: 1 | AK101: 1 | AQ101: =$V$80 -> - | AR101: 0 | AS101: 0 | AT101: 0 | AU101: 0 | AV101: 0 | AW101: 0 | AX101: 0 | AY101: 0 | AZ101: 0 | BA101: 0 | BB101: 0 | BC101: 0 | BD101: 0 | BE101: 0 | BF101: 0 | BG101: 0 | BH101: 0 | BK101: =$V$77 -> - | BL101: 0 | BM101: 0 | BN101: 0 | BO101: 0 | BP101: 0 | BQ101: 0 | BR101: 0 | BS101: 0 | BT101: 0 | BU101: 0 | BV101: 0 | BW101: 0 | BX101: 0 | BY101: 0 | BZ101: 0 | CA101: 0 | CB101: 0
B102: =$V$56 -> Sebastián | C102: 0 | D102: 0 | E102: 0 | F102: 0 | G102: 0 | H102: 0 | I102: 0 | J102: 0 | K102: 0 | L102: 0 | M102: 0 | N102: 0 | O102: 0 | P102: 0 | Q102: 0 | R102: 0 | S102: 0 | V102: =$V$57 -> Marcos | W102: 1 | X102: 1 | Y102: 1 | Z102: 1 | AA102: 1 | AB102: 1 | AC102: 1 | AD102: 1 | AE102: 1 | AF102: 1 | AG102: 1 | AH102: 1 | AI102: 1 | AJ102: 1 | AK102: 1 | AQ102: =$V$81 -> - | AR102: 0 | AS102: 0 | AT102: 0 | AU102: 0 | AV102: 0 | AW102: 0 | AX102: 0 | AY102: 0 | AZ102: 0 | BA102: 0 | BB102: 0 | BC102: 0 | BD102: 0 | BE102: 0 | BF102: 0 | BG102: 0 | BH102: 0 | BK102: =$V$78 -> - | BL102: 0 | BM102: 0 | BN102: 0 | BO102: 0 | BP102: 0 | BQ102: 0 | BR102: 0 | BS102: 0 | BT102: 0 | BU102: 0 | BV102: 0 | BW102: 0 | BX102: 0 | BY102: 0 | BZ102: 0 | CA102: 0 | CB102: 0
B103: =$V$57 -> Marcos | C103: 0 | D103: 0 | E103: 0 | F103: 0 | G103: 0 | H103: 0 | I103: 0 | J103: 0 | K103: 0 | L103: 0 | M103: 0 | N103: 0 | O103: 0 | P103: 0 | Q103: 0 | R103: 0 | S103: 0 | V103: =$V$58 -> Weixin | W103: 1 | X103: 1 | Y103: 1 | Z103: 1 | AA103: 1 | AB103: 1 | AC103: 1 | AD103: 1 | AE103: 1 | AF103: 1 | AG103: 1 | AH103: 1 | AI103: 1 | AJ103: 1 | AK103: 1 | AQ103: =$V$82 -> - | AR103: 0 | AS103: 0 | AT103: 0 | AU103: 0 | AV103: 0 | AW103: 0 | AX103: 0 | AY103: 0 | AZ103: 0 | BA103: 0 | BB103: 0 | BC103: 0 | BD103: 0 | BE103: 0 | BF103: 0 | BG103: 0 | BH103: 0 | BK103: =$V$79 -> - | BL103: 0 | BM103: 0 | BN103: 0 | BO103: 0 | BP103: 0 | BQ103: 0 | BR103: 0 | BS103: 0 | BT103: 0 | BU103: 0 | BV103: 0 | BW103: 0 | BX103: 0 | BY103: 0 | BZ103: 0 | CA103: 0 | CB103: 0
B104: =$V$58 -> Weixin | C104: 0 | D104: 0 | E104: 0 | F104: 0 | G104: 0 | H104: 0 | I104: 0 | J104: 0 | K104: 0 | L104: 0 | M104: 0 | N104: 0 | O104: 0 | P104: 0 | Q104: 0 | R104: 0 | S104: 0 | V104: =$V$59 -> Benjamin | W104: 1 | X104: 1 | Y104: 1 | Z104: 1 | AA104: 1 | AB104: 1 | AC104: 1 | AD104: 1 | AE104: 1 | AF104: 1 | AG104: 1 | AH104: 1 | AI104: 1 | AJ104: 1 | AK104: 1 | AQ104: =$V$83 -> - | AR104: 0 | AS104: 0 | AT104: 0 | AU104: 0 | AV104: 0 | AW104: 0 | AX104: 0 | AY104: 0 | AZ104: 0 | BA104: 0 | BB104: 0 | BC104: 0 | BD104: 0 | BE104: 0 | BF104: 0 | BG104: 0 | BH104: 0 | BK104: =$V$80 -> - | BL104: 0 | BM104: 0 | BN104: 0 | BO104: 0 | BP104: 0 | BQ104: 0 | BR104: 0 | BS104: 0 | BT104: 0 | BU104: 0 | BV104: 0 | BW104: 0 | BX104: 0 | BY104: 0 | BZ104: 0 | CA104: 0 | CB104: 0
B105: =$V$59 -> Benjamin | C105: 0 | D105: 0 | E105: 0 | F105: 0 | G105: 0 | H105: 0 | I105: 0 | J105: 0 | K105: 0 | L105: 0 | M105: 0 | N105: 0 | O105: 0 | P105: 0 | Q105: 0 | R105: 0 | S105: 0 | V105: =$V$60 -> Joelle | W105: 1 | X105: 1 | Y105: 1 | Z105: 1 | AA105: 1 | AB105: 1 | AC105: 1 | AD105: 1 | AE105: 1 | AF105: 1 | AG105: 1 | AH105: 1 | AI105: 1 | AJ105: 1 | AK105: 1 | AQ105: =$V$84 -> - | AR105: 0 | AS105: 0 | AT105: 0 | AU105: 0 | AV105: 0 | AW105: 0 | AX105: 0 | AY105: 0 | AZ105: 0 | BA105: 0 | BB105: 0 | BC105: 0 | BD105: 0 | BE105: 0 | BF105: 0 | BG105: 0 | BH105: 0 | BK105: =$V$81 -> - | BL105: 0 | BM105: 0 | BN105: 0 | BO105: 0 | BP105: 0 | BQ105: 0 | BR105: 0 | BS105: 0 | BT105: 0 | BU105: 0 | BV105: 0 | BW105: 0 | BX105: 0 | BY105: 0 | BZ105: 0 | CA105: 0 | CB105: 0
B106: =$V$60 -> Joelle | C106: 0 | D106: 0 | E106: 0 | F106: 0 | G106: 0 | H106: 0 | I106: 0 | J106: 0 | K106: 0 | L106: 0 | M106: 0 | N106: 0 | O106: 0 | P106: 0 | Q106: 0 | R106: 0 | S106: 0 | V106: =$V$61 -> Alexia | W106: 1 | X106: 1 | Y106: 1 | Z106: 1 | AA106: 1 | AB106: 1 | AC106: 1 | AD106: 1 | AE106: 1 | AF106: 1 | AG106: 1 | AH106: 1 | AI106: 1 | AJ106: 1 | AK106: 1 | AQ106: =$V$85 -> - | AR106: 0 | AS106: 0 | AT106: 0 | AU106: 0 | AV106: 0 | AW106: 0 | AX106: 0 | AY106: 0 | AZ106: 0 | BA106: 0 | BB106: 0 | BC106: 0 | BD106: 0 | BE106: 0 | BF106: 0 | BG106: 0 | BH106: 0 | BK106: =$V$82 -> - | BL106: 0 | BM106: 0 | BN106: 0 | BO106: 0 | BP106: 0 | BQ106: 0 | BR106: 0 | BS106: 0 | BT106: 0 | BU106: 0 | BV106: 0 | BW106: 0 | BX106: 0 | BY106: 0 | BZ106: 0 | CA106: 0 | CB106: 0
B107: =$V$61 -> Alexia | C107: 0 | D107: 0 | E107: 0 | F107: 0 | G107: 0 | H107: 0 | I107: 0 | J107: 0 | K107: 0 | L107: 0 | M107: 0 | N107: 0 | O107: 0 | P107: 0 | Q107: 0 | R107: 0 | S107: 0 | V107: =$V$62 -> Joao | W107: 1 | X107: 1 | Y107: 1 | Z107: 1 | AA107: 1 | AB107: 1 | AC107: 1 | AD107: 1 | AE107: 1 | AF107: 1 | AG107: 1 | AH107: 1 | AI107: 1 | AJ107: 1 | AK107: 1 | AQ107: =$V$86 -> - | AR107: 0 | AS107: 0 | AT107: 0 | AU107: 0 | AV107: 0 | AW107: 0 | AX107: 0 | AY107: 0 | AZ107: 0 | BA107: 0 | BB107: 0 | BC107: 0 | BD107: 0 | BE107: 0 | BF107: 0 | BG107: 0 | BH107: 0 | BK107: =$V$83 -> - | BL107: 0 | BM107: 0 | BN107: 0 | BO107: 0 | BP107: 0 | BQ107: 0 | BR107: 0 | BS107: 0 | BT107: 0 | BU107: 0 | BV107: 0 | BW107: 0 | BX107: 0 | BY107: 0 | BZ107: 0 | CA107: 0 | CB107: 0
B108: =$V$62 -> Joao | C108: 0 | D108: 0 | E108: 0 | F108: 0 | G108: 0 | H108: 0 | I108: 0 | J108: 0 | K108: 0 | L108: 0 | M108: 0 | N108: 0 | O108: 0 | P108: 0 | Q108: 0 | R108: 0 | S108: 0 | V108: =$V$63 -> Maxime | W108: 1 | X108: 1 | Y108: 1 | Z108: 1 | AA108: 1 | AB108: 1 | AC108: 1 | AD108: 1 | AE108: 1 | AF108: 1 | AG108: 1 | AH108: 1 | AI108: 1 | AJ108: 1 | AK108: 1 | AQ108: =$V$87 -> - | AR108: 0 | AS108: 0 | AT108: 0 | AU108: 0 | AV108: 0 | AW108: 0 | AX108: 0 | AY108: 0 | AZ108: 0 | BA108: 0 | BB108: 0 | BC108: 0 | BD108: 0 | BE108: 0 | BF108: 0 | BG108: 0 | BH108: 0 | BK108: =$V$84 -> - | BL108: 0 | BM108: 0 | BN108: 0 | BO108: 0 | BP108: 0 | BQ108: 0 | BR108: 0 | BS108: 0 | BT108: 0 | BU108: 0 | BV108: 0 | BW108: 0 | BX108: 0 | BY108: 0 | BZ108: 0 | CA108: 0 | CB108: 0
B109: =$V$63 -> Maxime | C109: 0 | D109: 0 | E109: 0 | F109: 0 | G109: 0 | H109: 0 | I109: 0 | J109: 0 | K109: 0 | L109: 0 | M109: 0 | N109: 0 | O109: 0 | P109: 0 | Q109: 0 | R109: 0 | S109: 0 | V109: =$V$64 -> Alex | W109: 1 | X109: 1 | Y109: 1 | Z109: 1 | AA109: 1 | AB109: 1 | AC109: 1 | AD109: 1 | AE109: 1 | AF109: 1 | AG109: 1 | AH109: 1 | AI109: 1 | AJ109: 1 | AK109: 1 | AQ109: =$V$88 -> - | AR109: 0 | AS109: 0 | AT109: 0 | AU109: 0 | AV109: 0 | AW109: 0 | AX109: 0 | AY109: 0 | AZ109: 0 | BA109: 0 | BB109: 0 | BC109: 0 | BD109: 0 | BE109: 0 | BF109: 0 | BG109: 0 | BH109: 0 | BK109: =$V$85 -> - | BL109: 0 | BM109: 0 | BN109: 0 | BO109: 0 | BP109: 0 | BQ109: 0 | BR109: 0 | BS109: 0 | BT109: 0 | BU109: 0 | BV109: 0 | BW109: 0 | BX109: 0 | BY109: 0 | BZ109: 0 | CA109: 0 | CB109: 0
B110: =$V$64 -> Alex | C110: 0 | D110: 0 | E110: 0 | F110: 0 | G110: 0 | H110: 0 | I110: 0 | J110: 0 | K110: 0 | L110: 0 | M110: 0 | N110: 0 | O110: 0 | P110: 0 | Q110: 0 | R110: 0 | S110: 0 | V110: =$V$65 -> Alyssa | W110: 1 | X110: 1 | Y110: 1 | Z110: 1 | AA110: 1 | AB110: 1 | AC110: 1 | AD110: 1 | AE110: 1 | AF110: 1 | AG110: 1 | AH110: 1 | AI110: 1 | AJ110: 1 | AK110: 1 | AQ110: =$V$89 -> - | AR110: 0 | AS110: 0 | AT110: 0 | AU110: 0 | AV110: 0 | AW110: 0 | AX110: 0 | AY110: 0 | AZ110: 0 | BA110: 0 | BB110: 0 | BC110: 0 | BD110: 0 | BE110: 0 | BF110: 0 | BG110: 0 | BH110: 0 | BK110: =$V$86 -> - | BL110: 0 | BM110: 0 | BN110: 0 | BO110: 0 | BP110: 0 | BQ110: 0 | BR110: 0 | BS110: 0 | BT110: 0 | BU110: 0 | BV110: 0 | BW110: 0 | BX110: 0 | BY110: 0 | BZ110: 0 | CA110: 0 | CB110: 0
B111: =$V$65 -> Alyssa | C111: 0 | D111: 0 | E111: 0 | F111: 0 | G111: 0 | H111: 0 | I111: 0 | J111: 0 | K111: 0 | L111: 0 | M111: 0 | N111: 0 | O111: 0 | P111: 0 | Q111: 0 | R111: 0 | S111: 0 | V111: =$V$66 -> Amanda | W111: 1 | X111: 1 | Y111: 1 | Z111: 1 | AA111: 1 | AB111: 1 | AC111: 1 | AD111: 1 | AE111: 1 | AF111: 1 | AG111: 1 | AH111: 1 | AI111: 1 | AJ111: 1 | AK111: 1 | AQ111: =$V$90 -> - | AR111: 0 | AS111: 0 | AT111: 0 | AU111: 0 | AV111: 0 | AW111: 0 | AX111: 0 | AY111: 0 | AZ111: 0 | BA111: 0 | BB111: 0 | BC111: 0 | BD111: 0 | BE111: 0 | BF111: 0 | BG111: 0 | BH111: 0 | BK111: =$V$87 -> - | BL111: 0 | BM111: 0 | BN111: 0 | BO111: 0 | BP111: 0 | BQ111: 0 | BR111: 0 | BS111: 0 | BT111: 0 | BU111: 0 | BV111: 0 | BW111: 0 | BX111: 0 | BY111: 0 | BZ111: 0 | CA111: 0 | CB111: 0
B112: =$V$66 -> Amanda | C112: 0 | D112: 0 | E112: 0 | F112: 0 | G112: 0 | H112: 0 | I112: 0 | J112: 0 | K112: 0 | L112: 0 | M112: 0 | N112: 0 | O112: 0 | P112: 0 | Q112: 0 | R112: 0 | S112: 0 | V112: =$V$67 -> Antoine | W112: 1 | X112: 1 | Y112: 1 | Z112: 1 | AA112: 1 | AB112: 1 | AC112: 1 | AD112: 1 | AE112: 1 | AF112: 1 | AG112: 1 | AH112: 1 | AI112: 1 | AJ112: 1 | AK112: 1 | AQ112: =$V$91 -> - | AR112: 0 | AS112: 0 | AT112: 0 | AU112: 0 | AV112: 0 | AW112: 0 | AX112: 0 | AY112: 0 | AZ112: 0 | BA112: 0 | BB112: 0 | BC112: 0 | BD112: 0 | BE112: 0 | BF112: 0 | BG112: 0 | BH112: 0 | BK112: =$V$88 -> - | BL112: 0 | BM112: 0 | BN112: 0 | BO112: 0 | BP112: 0 | BQ112: 0 | BR112: 0 | BS112: 0 | BT112: 0 | BU112: 0 | BV112: 0 | BW112: 0 | BX112: 0 | BY112: 0 | BZ112: 0 | CA112: 0 | CB112: 0
B113: =$V$67 -> Antoine | C113: 0 | D113: 0 | E113: 0 | F113: 0 | G113: 0 | H113: 0 | I113: 0 | J113: 0 | K113: 0 | L113: 0 | M113: 0 | N113: 0 | O113: 0 | P113: 0 | Q113: 0 | R113: 0 | S113: 0 | V113: =$V$68 -> Beatriz | W113: 1 | X113: 1 | Y113: 1 | Z113: 1 | AA113: 1 | AB113: 1 | AC113: 1 | AD113: 1 | AE113: 1 | AF113: 1 | AG113: 1 | AH113: 1 | AI113: 1 | AJ113: 1 | AK113: 1 | AQ113: =$V$92 -> - | AR113: 0 | AS113: 0 | AT113: 0 | AU113: 0 | AV113: 0 | AW113: 0 | AX113: 0 | AY113: 0 | AZ113: 0 | BA113: 0 | BB113: 0 | BC113: 0 | BD113: 0 | BE113: 0 | BF113: 0 | BG113: 0 | BH113: 0 | BK113: =$V$89 -> - | BL113: 0 | BM113: 0 | BN113: 0 | BO113: 0 | BP113: 0 | BQ113: 0 | BR113: 0 | BS113: 0 | BT113: 0 | BU113: 0 | BV113: 0 | BW113: 0 | BX113: 0 | BY113: 0 | BZ113: 0 | CA113: 0 | CB113: 0
B114: =$V$68 -> Beatriz | C114: 0 | D114: 0 | E114: 0 | F114: 0 | G114: 0 | H114: 0 | I114: 0 | J114: 0 | K114: 0 | L114: 0 | M114: 0 | N114: 0 | O114: 0 | P114: 0 | Q114: 0 | R114: 0 | S114: 0 | V114: =$V$69 -> Charelle | W114: 1 | X114: 1 | Y114: 1 | Z114: 1 | AA114: 1 | AB114: 1 | AC114: 1 | AD114: 1 | AE114: 1 | AF114: 1 | AG114: 1 | AH114: 1 | AI114: 1 | AJ114: 1 | AK114: 1 | AP114: =$V$36 -> Bar | AQ114: =$V$53 -> Jennifer | AR114: 0 | AS114: 0 | AT114: 1 | AU114: 0 | AV114: 0 | AW114: 0 | AX114: 0 | AY114: 0 | AZ114: 0 | BA114: 0 | BB114: 0 | BC114: 1 | BD114: 0 | BE114: 0 | BF114: 0 | BG114: 0 | BH114: 0 | BK114: =$V$90 -> - | BL114: 0 | BM114: 0 | BN114: 0 | BO114: 0 | BP114: 0 | BQ114: 0 | BR114: 0 | BS114: 0 | BT114: 0 | BU114: 0 | BV114: 0 | BW114: 0 | BX114: 0 | BY114: 0 | BZ114: 0 | CA114: 0 | CB114: 0
B115: =$V$69 -> Charelle | C115: 0 | D115: 0 | E115: 0 | F115: 0 | G115: 0 | H115: 0 | I115: 0 | J115: 0 | K115: 0 | L115: 0 | M115: 0 | N115: 0 | O115: 0 | P115: 0 | Q115: 0 | R115: 0 | S115: 0 | V115: =$V$70 -> Dimitri | W115: 1 | X115: 1 | Y115: 1 | Z115: 1 | AA115: 1 | AB115: 1 | AC115: 1 | AD115: 1 | AE115: 1 | AF115: 1 | AG115: 1 | AH115: 1 | AI115: 1 | AJ115: 1 | AK115: 1 | AQ115: =$V$54 -> Galileo | AR115: 0 | AS115: 0 | AT115: 0 | AU115: 1 | AV115: 0 | AW115: 1 | AX115: 0 | AY115: 0 | AZ115: 0 | BA115: 0 | BB115: 1 | BC115: 0 | BD115: 0 | BE115: 0 | BF115: 0 | BG115: 0 | BH115: 0 | BK115: =$V$91 -> - | BL115: 0 | BM115: 0 | BN115: 0 | BO115: 0 | BP115: 0 | BQ115: 0 | BR115: 0 | BS115: 0 | BT115: 0 | BU115: 0 | BV115: 0 | BW115: 0 | BX115: 0 | BY115: 0 | BZ115: 0 | CA115: 0 | CB115: 0
B116: =$V$70 -> Dimitri | C116: 0 | D116: 0 | E116: 0 | F116: 0 | G116: 0 | H116: 0 | I116: 0 | J116: 0 | K116: 0 | L116: 0 | M116: 0 | N116: 0 | O116: 0 | P116: 0 | Q116: 0 | R116: 0 | S116: 0 | V116: =$V$71 -> Marina | W116: 1 | X116: 1 | Y116: 1 | Z116: 1 | AA116: 1 | AB116: 1 | AC116: 1 | AD116: 1 | AE116: 1 | AF116: 1 | AG116: 1 | AH116: 1 | AI116: 1 | AJ116: 1 | AK116: 1 | AQ116: =$V$55 -> Óscar | AR116: 0 | AS116: 0 | AT116: 0 | AU116: 0 | AV116: 0 | AW116: 0 | AX116: 0 | AY116: 1 | AZ116: 0 | BA116: 0 | BB116: 0 | BC116: 0 | BD116: 0 | BE116: 0 | BF116: 0 | BG116: 0 | BH116: 0 | BK116: =$V$92 -> - | BL116: 0 | BM116: 0 | BN116: 0 | BO116: 0 | BP116: 0 | BQ116: 0 | BR116: 0 | BS116: 0 | BT116: 0 | BU116: 0 | BV116: 0 | BW116: 0 | BX116: 0 | BY116: 0 | BZ116: 0 | CA116: 0 | CB116: 0
B117: =$V$71 -> Marina | C117: 0 | D117: 0 | E117: 0 | F117: 0 | G117: 0 | H117: 0 | I117: 0 | J117: 0 | K117: 0 | L117: 0 | M117: 0 | N117: 0 | O117: 0 | P117: 0 | Q117: 0 | R117: 0 | S117: 0 | V117: =$V$72 -> Michel | W117: 1 | X117: 1 | Y117: 1 | Z117: 1 | AA117: 1 | AB117: 1 | AC117: 1 | AD117: 1 | AE117: 1 | AF117: 1 | AG117: 1 | AH117: 1 | AI117: 1 | AJ117: 1 | AK117: 1 | AQ117: =$V$56 -> Sebastián | AR117: 0 | AS117: 1 | AT117: 0 | AU117: 0 | AV117: 0 | AW117: 0 | AX117: 0 | AY117: 0 | AZ117: 0 | BA117: 1 | BB117: 0 | BC117: 0 | BD117: 0 | BE117: 0 | BF117: 0 | BG117: 0 | BH117: 0
B118: =$V$72 -> Michel | C118: 0 | D118: 0 | E118: 0 | F118: 0 | G118: 0 | H118: 0 | I118: 0 | J118: 0 | K118: 0 | L118: 0 | M118: 0 | N118: 0 | O118: 0 | P118: 0 | Q118: 0 | R118: 0 | S118: 0 | V118: =$V$73 -> Nour | W118: 1 | X118: 1 | Y118: 1 | Z118: 1 | AA118: 1 | AB118: 1 | AC118: 1 | AD118: 1 | AE118: 1 | AF118: 1 | AG118: 1 | AH118: 1 | AI118: 1 | AJ118: 1 | AK118: 1 | AQ118: =$V$57 -> Marcos | AR118: 1 | AS118: 0 | AT118: 0 | AU118: 0 | AV118: 0 | AW118: 0 | AX118: 0 | AY118: 0 | AZ118: 1 | BA118: 0 | BB118: 0 | BC118: 0 | BD118: 0 | BE118: 0 | BF118: 0 | BG118: 0 | BH118: 0
B119: =$V$73 -> Nour | C119: 0 | D119: 0 | E119: 0 | F119: 0 | G119: 0 | H119: 0 | I119: 0 | J119: 0 | K119: 0 | L119: 0 | M119: 0 | N119: 0 | O119: 0 | P119: 0 | Q119: 0 | R119: 0 | S119: 0 | V119: =$V$74 -> Samuel | W119: 1 | X119: 1 | Y119: 1 | Z119: 1 | AA119: 1 | AB119: 1 | AC119: 1 | AD119: 1 | AE119: 1 | AF119: 1 | AG119: 1 | AH119: 1 | AI119: 1 | AJ119: 1 | AK119: 1 | AQ119: =$V$58 -> Weixin | AR119: 0 | AS119: 0 | AT119: 0 | AU119: 0 | AV119: 0 | AW119: 0 | AX119: 0 | AY119: 0 | AZ119: 0 | BA119: 0 | BB119: 0 | BC119: 0 | BD119: 0 | BE119: 0 | BF119: 0 | BG119: 0 | BH119: 0 | BK119: =CONCATENATE("OBLIGATORIEDAD DE (",BK120,")") -> OBLIGATORIEDAD DE (Bar)
B120: =$V$74 -> Samuel | C120: 0 | D120: 0 | E120: 0 | F120: 0 | G120: 0 | H120: 0 | I120: 0 | J120: 0 | K120: 0 | L120: 0 | M120: 0 | N120: 0 | O120: 0 | P120: 0 | Q120: 0 | R120: 0 | S120: 0 | V120: =$V$75 -> Yassin | W120: 1 | X120: 1 | Y120: 1 | Z120: 1 | AA120: 1 | AB120: 1 | AC120: 1 | AD120: 1 | AE120: 1 | AF120: 1 | AG120: 1 | AH120: 1 | AI120: 1 | AJ120: 1 | AK120: 1 | AQ120: =$V$59 -> Benjamin | AR120: 0 | AS120: 0 | AT120: 0 | AU120: 0 | AV120: 1 | AW120: 0 | AX120: 1 | AY120: 0 | AZ120: 0 | BA120: 0 | BB120: 0 | BC120: 0 | BD120: 0 | BE120: 0 | BF120: 0 | BG120: 0 | BH120: 0 | BK120: =V36 -> Bar | BL120: =$W$33 -> 16h | BM120: =$X$33 -> 17h | BN120: =$Y$33 -> 18h | BO120: =$Z$33 -> 19h | BP120: =$AA$33 -> 20h | BQ120: =$AB$33 -> 21h | BR120: =$AC$33 -> 22h | BS120: =$AD$33 -> 23h | BT120: =$AE$33 -> 00h | BU120: =$AF$33 -> 01h | BV120: =$AG$33 -> 02h | BW120: =$AH$33 -> 03h | BX120: =$AI$33 -> 04h | BY120: =$AJ$33 -> 05h | BZ120: =$AK$33 -> 06h | CA120: =$AL$33 -> 07h | CB120: =$AM$33 -> 08h
B121: =$V$75 -> Yassin | C121: 0 | D121: 0 | E121: 0 | F121: 0 | G121: 0 | H121: 0 | I121: 0 | J121: 0 | K121: 0 | L121: 0 | M121: 0 | N121: 0 | O121: 0 | P121: 0 | Q121: 0 | R121: 0 | S121: 0 | V121: =$V$76 -> Kamar | W121: 1 | X121: 1 | Y121: 1 | Z121: 1 | AA121: 1 | AB121: 1 | AC121: 1 | AD121: 1 | AE121: 1 | AF121: 1 | AG121: 1 | AH121: 1 | AI121: 1 | AJ121: 1 | AK121: 1 | AQ121: =$V$60 -> Joelle | AR121: 0 | AS121: 0 | AT121: 0 | AU121: 0 | AV121: 0 | AW121: 0 | AX121: 0 | AY121: 0 | AZ121: 0 | BA121: 0 | BB121: 0 | BC121: 0 | BD121: 0 | BE121: 0 | BF121: 0 | BG121: 0 | BH121: 0 | BK121: =$V$53 -> Jennifer | BL121: 0 | BM121: 0 | BN121: 0 | BO121: 0 | BP121: 0 | BQ121: 0 | BR121: 0 | BS121: 0 | BT121: 0 | BU121: 0 | BV121: 0 | BW121: 0 | BX121: 0 | BY121: 0 | BZ121: 0 | CA121: 0 | CB121: 0
B122: =$V$76 -> Kamar | C122: 0 | D122: 0 | E122: 0 | F122: 0 | G122: 0 | H122: 0 | I122: 0 | J122: 0 | K122: 0 | L122: 0 | M122: 0 | N122: 0 | O122: 0 | P122: 0 | Q122: 0 | R122: 0 | S122: 0 | V122: =$V$77 -> - | W122: 1 | X122: 1 | Y122: 1 | Z122: 1 | AA122: 1 | AB122: 1 | AC122: 1 | AD122: 1 | AE122: 1 | AF122: 1 | AG122: 1 | AH122: 1 | AI122: 1 | AJ122: 1 | AK122: 1 | AQ122: =$V$61 -> Alexia | AR122: 0 | AS122: 0 | AT122: 0 | AU122: 0 | AV122: 0 | AW122: 0 | AX122: 0 | AY122: 0 | AZ122: 0 | BA122: 0 | BB122: 0 | BC122: 0 | BD122: 0 | BE122: 0 | BF122: 0 | BG122: 0 | BH122: 0 | BK122: =$V$54 -> Galileo | BL122: 0 | BM122: 0 | BN122: 0 | BO122: 0 | BP122: 0 | BQ122: 0 | BR122: 0 | BS122: 0 | BT122: 0 | BU122: 0 | BV122: 0 | BW122: 0 | BX122: 0 | BY122: 0 | BZ122: 0 | CA122: 0 | CB122: 0
B123: =$V$77 -> - | C123: 0 | D123: 0 | E123: 0 | F123: 0 | G123: 0 | H123: 0 | I123: 0 | J123: 0 | K123: 0 | L123: 0 | M123: 0 | N123: 0 | O123: 0 | P123: 0 | Q123: 0 | R123: 0 | S123: 0 | V123: =$V$78 -> - | W123: 1 | X123: 1 | Y123: 1 | Z123: 1 | AA123: 1 | AB123: 1 | AC123: 1 | AD123: 1 | AE123: 1 | AF123: 1 | AG123: 1 | AH123: 1 | AI123: 1 | AJ123: 1 | AK123: 1 | AQ123: =$V$62 -> Joao | AR123: 0 | AS123: 0 | AT123: 0 | AU123: 0 | AV123: 0 | AW123: 0 | AX123: 0 | AY123: 0 | AZ123: 0 | BA123: 0 | BB123: 0 | BC123: 0 | BD123: 0 | BE123: 0 | BF123: 0 | BG123: 0 | BH123: 0 | BK123: =$V$55 -> Óscar | BL123: 0 | BM123: 0 | BN123: 0 | BO123: 0 | BP123: 0 | BQ123: 0 | BR123: 0 | BS123: 0 | BT123: 0 | BU123: 0 | BV123: 0 | BW123: 0 | BX123: 0 | BY123: 0 | BZ123: 0 | CA123: 0 | CB123: 0
B124: =$V$78 -> - | C124: 0 | D124: 0 | E124: 0 | F124: 0 | G124: 0 | H124: 0 | I124: 0 | J124: 0 | K124: 0 | L124: 0 | M124: 0 | N124: 0 | O124: 0 | P124: 0 | Q124: 0 | R124: 0 | S124: 0 | V124: =$V$79 -> - | W124: 1 | X124: 1 | Y124: 1 | Z124: 1 | AA124: 1 | AB124: 1 | AC124: 1 | AD124: 1 | AE124: 1 | AF124: 1 | AG124: 1 | AH124: 1 | AI124: 1 | AJ124: 1 | AK124: 1 | AQ124: =$V$63 -> Maxime | AR124: 0 | AS124: 0 | AT124: 0 | AU124: 0 | AV124: 0 | AW124: 0 | AX124: 0 | AY124: 0 | AZ124: 0 | BA124: 0 | BB124: 0 | BC124: 0 | BD124: 0 | BE124: 0 | BF124: 0 | BG124: 0 | BH124: 0 | BK124: =$V$56 -> Sebastián | BL124: 0 | BM124: 0 | BN124: 0 | BO124: 0 | BP124: 0 | BQ124: 0 | BR124: 0 | BS124: 0 | BT124: 0 | BU124: 0 | BV124: 0 | BW124: 0 | BX124: 0 | BY124: 0 | BZ124: 0 | CA124: 0 | CB124: 0
B125: =$V$79 -> - | C125: 0 | D125: 0 | E125: 0 | F125: 0 | G125: 0 | H125: 0 | I125: 0 | J125: 0 | K125: 0 | L125: 0 | M125: 0 | N125: 0 | O125: 0 | P125: 0 | Q125: 0 | R125: 0 | S125: 0 | V125: =$V$80 -> - | W125: 1 | X125: 1 | Y125: 1 | Z125: 1 | AA125: 1 | AB125: 1 | AC125: 1 | AD125: 1 | AE125: 1 | AF125: 1 | AG125: 1 | AH125: 1 | AI125: 1 | AJ125: 1 | AK125: 1 | AQ125: =$V$64 -> Alex | AR125: 0 | AS125: 0 | AT125: 0 | AU125: 0 | AV125: 0 | AW125: 0 | AX125: 0 | AY125: 0 | AZ125: 0 | BA125: 0 | BB125: 0 | BC125: 0 | BD125: 0 | BE125: 0 | BF125: 0 | BG125: 0 | BH125: 0 | BK125: =$V$57 -> Marcos | BL125: 0 | BM125: 0 | BN125: 0 | BO125: 0 | BP125: 0 | BQ125: 0 | BR125: 0 | BS125: 0 | BT125: 0 | BU125: 0 | BV125: 0 | BW125: 0 | BX125: 0 | BY125: 0 | BZ125: 0 | CA125: 0 | CB125: 0
B126: =$V$80 -> - | C126: 0 | D126: 0 | E126: 0 | F126: 0 | G126: 0 | H126: 0 | I126: 0 | J126: 0 | K126: 0 | L126: 0 | M126: 0 | N126: 0 | O126: 0 | P126: 0 | Q126: 0 | R126: 0 | S126: 0 | V126: =$V$81 -> - | W126: 1 | X126: 1 | Y126: 1 | Z126: 1 | AA126: 1 | AB126: 1 | AC126: 1 | AD126: 1 | AE126: 1 | AF126: 1 | AG126: 1 | AH126: 1 | AI126: 1 | AJ126: 1 | AK126: 1 | AQ126: =$V$65 -> Alyssa | AR126: 0 | AS126: 0 | AT126: 0 | AU126: 0 | AV126: 0 | AW126: 0 | AX126: 0 | AY126: 0 | AZ126: 0 | BA126: 0 | BB126: 0 | BC126: 0 | BD126: 0 | BE126: 0 | BF126: 0 | BG126: 0 | BH126: 0 | BK126: =$V$58 -> Weixin | BL126: 0 | BM126: 0 | BN126: 0 | BO126: 0 | BP126: 0 | BQ126: 0 | BR126: 0 | BS126: 0 | BT126: 0 | BU126: 0 | BV126: 0 | BW126: 0 | BX126: 0 | BY126: 0 | BZ126: 0 | CA126: 0 | CB126: 0
B127: =$V$81 -> - | C127: 0 | D127: 0 | E127: 0 | F127: 0 | G127: 0 | H127: 0 | I127: 0 | J127: 0 | K127: 0 | L127: 0 | M127: 0 | N127: 0 | O127: 0 | P127: 0 | Q127: 0 | R127: 0 | S127: 0 | V127: =$V$82 -> - | W127: 1 | X127: 1 | Y127: 1 | Z127: 1 | AA127: 1 | AB127: 1 | AC127: 1 | AD127: 1 | AE127: 1 | AF127: 1 | AG127: 1 | AH127: 1 | AI127: 1 | AJ127: 1 | AK127: 1 | AQ127: =$V$66 -> Amanda | AR127: 0 | AS127: 0 | AT127: 0 | AU127: 0 | AV127: 0 | AW127: 0 | AX127: 0 | AY127: 0 | AZ127: 0 | BA127: 0 | BB127: 0 | BC127: 0 | BD127: 0 | BE127: 0 | BF127: 0 | BG127: 0 | BH127: 0 | BK127: =$V$59 -> Benjamin | BL127: 0 | BM127: 0 | BN127: 0 | BO127: 0 | BP127: 0 | BQ127: 0 | BR127: 0 | BS127: 0 | BT127: 0 | BU127: 0 | BV127: 0 | BW127: 0 | BX127: 0 | BY127: 0 | BZ127: 0 | CA127: 0 | CB127: 0
B128: =$V$82 -> - | C128: 0 | D128: 0 | E128: 0 | F128: 0 | G128: 0 | H128: 0 | I128: 0 | J128: 0 | K128: 0 | L128: 0 | M128: 0 | N128: 0 | O128: 0 | P128: 0 | Q128: 0 | R128: 0 | S128: 0 | V128: =$V$83 -> - | W128: 1 | X128: 1 | Y128: 1 | Z128: 1 | AA128: 1 | AB128: 1 | AC128: 1 | AD128: 1 | AE128: 1 | AF128: 1 | AG128: 1 | AH128: 1 | AI128: 1 | AJ128: 1 | AK128: 1 | AQ128: =$V$67 -> Antoine | AR128: 0 | AS128: 0 | AT128: 0 | AU128: 0 | AV128: 0 | AW128: 0 | AX128: 0 | AY128: 0 | AZ128: 0 | BA128: 0 | BB128: 0 | BC128: 0 | BD128: 0 | BE128: 0 | BF128: 0 | BG128: 0 | BH128: 0 | BK128: =$V$60 -> Joelle | BL128: 0 | BM128: 0 | BN128: 0 | BO128: 0 | BP128: 0 | BQ128: 0 | BR128: 0 | BS128: 0 | BT128: 0 | BU128: 0 | BV128: 0 | BW128: 0 | BX128: 0 | BY128: 0 | BZ128: 0 | CA128: 0 | CB128: 0
B129: =$V$83 -> - | C129: 0 | D129: 0 | E129: 0 | F129: 0 | G129: 0 | H129: 0 | I129: 0 | J129: 0 | K129: 0 | L129: 0 | M129: 0 | N129: 0 | O129: 0 | P129: 0 | Q129: 0 | R129: 0 | S129: 0 | V129: =$V$84 -> - | W129: 1 | X129: 1 | Y129: 1 | Z129: 1 | AA129: 1 | AB129: 1 | AC129: 1 | AD129: 1 | AE129: 1 | AF129: 1 | AG129: 1 | AH129: 1 | AI129: 1 | AJ129: 1 | AK129: 1 | AQ129: =$V$68 -> Beatriz | AR129: 0 | AS129: 0 | AT129: 0 | AU129: 0 | AV129: 0 | AW129: 0 | AX129: 0 | AY129: 0 | AZ129: 0 | BA129: 0 | BB129: 0 | BC129: 0 | BD129: 0 | BE129: 0 | BF129: 0 | BG129: 0 | BH129: 0 | BK129: =$V$61 -> Alexia | BL129: 0 | BM129: 0 | BN129: 0 | BO129: 0 | BP129: 0 | BQ129: 0 | BR129: 0 | BS129: 0 | BT129: 0 | BU129: 0 | BV129: 0 | BW129: 0 | BX129: 0 | BY129: 0 | BZ129: 0 | CA129: 0 | CB129: 0
B130: =$V$84 -> - | C130: 0 | D130: 0 | E130: 0 | F130: 0 | G130: 0 | H130: 0 | I130: 0 | J130: 0 | K130: 0 | L130: 0 | M130: 0 | N130: 0 | O130: 0 | P130: 0 | Q130: 0 | R130: 0 | S130: 0 | V130: =$V$85 -> - | W130: 1 | X130: 1 | Y130: 1 | Z130: 1 | AA130: 1 | AB130: 1 | AC130: 1 | AD130: 1 | AE130: 1 | AF130: 1 | AG130: 1 | AH130: 1 | AI130: 1 | AJ130: 1 | AK130: 1 | AQ130: =$V$69 -> Charelle | AR130: 0 | AS130: 0 | AT130: 0 | AU130: 0 | AV130: 0 | AW130: 0 | AX130: 0 | AY130: 0 | AZ130: 0 | BA130: 0 | BB130: 0 | BC130: 0 | BD130: 0 | BE130: 0 | BF130: 0 | BG130: 0 | BH130: 0 | BK130: =$V$62 -> Joao | BL130: 0 | BM130: 0 | BN130: 0 | BO130: 0 | BP130: 0 | BQ130: 0 | BR130: 0 | BS130: 0 | BT130: 0 | BU130: 0 | BV130: 0 | BW130: 0 | BX130: 0 | BY130: 0 | BZ130: 0 | CA130: 0 | CB130: 0
B131: =$V$85 -> - | C131: 0 | D131: 0 | E131: 0 | F131: 0 | G131: 0 | H131: 0 | I131: 0 | J131: 0 | K131: 0 | L131: 0 | M131: 0 | N131: 0 | O131: 0 | P131: 0 | Q131: 0 | R131: 0 | S131: 0 | V131: =$V$86 -> - | W131: 1 | X131: 1 | Y131: 1 | Z131: 1 | AA131: 1 | AB131: 1 | AC131: 1 | AD131: 1 | AE131: 1 | AF131: 1 | AG131: 1 | AH131: 1 | AI131: 1 | AJ131: 1 | AK131: 1 | AQ131: =$V$70 -> Dimitri | AR131: 0 | AS131: 0 | AT131: 0 | AU131: 0 | AV131: 0 | AW131: 0 | AX131: 0 | AY131: 0 | AZ131: 0 | BA131: 0 | BB131: 0 | BC131: 0 | BD131: 0 | BE131: 0 | BF131: 0 | BG131: 0 | BH131: 0 | BK131: =$V$63 -> Maxime | BL131: 0 | BM131: 0 | BN131: 0 | BO131: 0 | BP131: 0 | BQ131: 0 | BR131: 0 | BS131: 0 | BT131: 0 | BU131: 0 | BV131: 0 | BW131: 0 | BX131: 0 | BY131: 0 | BZ131: 0 | CA131: 0 | CB131: 0
...

Sheet STAFF PLANNING FINAL
C2: 16h | D2: 17h | E2: 18h | F2: 19h | G2: 20h | H2: 21h | I2: 22h | J2: 23h | K2: 00h | L2: 01h | M2: 02h | N2: 03h | O2: 04h | P2: 05h | Q2: 06h | R2: 07h | S2: 08h
A3: 1 | B3: Jennifer | C3: {=IF(PER!W53=0,"",IF((PER!AR34+PER!AR74+PER!AR114+PER!AR154+PER!AR194+PER!AR234+PER!AR274+PER!AR314+PER!AR354+PER!AR394+PER!AR434+PER!AR474+PER!AR514+PER!AR554+PER!AR594)=0,"",_xlfn.IFS(PER!AR34=1,PER!$V$34,PER!AR74=1,PER!$V$35,PER!AR114=1,PER!$V$36,PER!AR154=1,PER!$V$37,PER!AR194=1,PER!$V$38,PER!AR234=1,PER!$V$39,PER!AR274=1,PER!$V$40,PER!AR314=1,PER!$V$41,PER!AR354=1,PER!$V$42,PER!AR394=1,PER!$V$43,PER!AR434=1,PER!$V$44,PER!AR474=1,PER!$V$45,PER!AR514=1,PER!$V$46,PER!AR554=1,PER!$V$47,PER!AR594=1,PER!$V$48)))} -> Entry | D3: {=IF(PER!X53=0,"",IF((PER!AS34+PER!AS74+PER!AS114+PER!AS154+PER!AS194+PER!AS234+PER!AS274+PER!AS314+PER!AS354+PER!AS394+PER!AS434+PER!AS474+PER!AS514+PER!AS554+PER!AS594)=0,"",_xlfn.IFS(PER!AS34=1,PER!$V$34,PER!AS74=1,PER!$V$35,PER!AS114=1,PER!$V$36,PER!AS154=1,PER!$V$37,PER!AS194=1,PER!$V$38,PER!AS234=1,PER!$V$39,PER!AS274=1,PER!$V$40,PER!AS314=1,PER!$V$41,PER!AS354=1,PER!$V$42,PER!AS394=1,PER!$V$43,PER!AS434=1,PER!$V$44,PER!AS474=1,PER!$V$45,PER!AS514=1,PER!$V$46,PER!AS554=1,PER!$V$47,PER!AS594=1,PER!$V$48)))} -> Set up | E3: {=IF(PER!Y53=0,"",IF((PER!AT34+PER!AT74+PER!AT114+PER!AT154+PER!AT194+PER!AT234+PER!AT274+PER!AT314+PER!AT354+PER!AT394+PER!AT434+PER!AT474+PER!AT514+PER!AT554+PER!AT594)=0,"",_xlfn.IFS(PER!AT34=1,PER!$V$34,PER!AT74=1,PER!$V$35,PER!AT114=1,PER!$V$36,PER!AT154=1,PER!$V$37,PER!AT194=1,PER!$V$38,PER!AT234=1,PER!$V$39,PER!AT274=1,PER!$V$40,PER!AT314=1,PER!$V$41,PER!AT354=1,PER!$V$42,PER!AT394=1,PER!$V$43,PER!AT434=1,PER!$V$44,PER!AT474=1,PER!$V$45,PER!AT514=1,PER!$V$46,PER!AT554=1,PER!$V$47,PER!AT594=1,PER!$V$48)))} -> Bar | F3: {=IF(PER!Z53=0,"",IF((PER!AU34+PER!AU74+PER!AU114+PER!AU154+PER!AU194+PER!AU234+PER!AU274+PER!AU314+PER!AU354+PER!AU394+PER!AU434+PER!AU474+PER!AU514+PER!AU554+PER!AU594)=0,"",_xlfn.IFS(PER!AU34=1,PER!$V$34,PER!AU74=1,PER!$V$35,PER!AU114=1,PER!$V$36,PER!AU154=1,PER!$V$37,PER!AU194=1,PER!$V$38,PER!AU234=1,PER!$V$39,PER!AU274=1,PER!$V$40,PER!AU314=1,PER!$V$41,PER!AU354=1,PER!$V$42,PER!AU394=1,PER!$V$43,PER!AU434=1,PER!$V$44,PER!AU474=1,PER!$V$45,PER!AU514=1,PER!$V$46,PER!AU554=1,PER!$V$47,PER!AU594=1,PER!$V$48)))} -> Entry | G3: {=IF(PER!AA53=0,"",IF((PER!AV34+PER!AV74+PER!AV114+PER!AV154+PER!AV194+PER!AV234+PER!AV274+PER!AV314+PER!AV354+PER!AV394+PER!AV434+PER!AV474+PER!AV514+PER!AV554+PER!AV594)=0,"",_xlfn.IFS(PER!AV34=1,PER!$V$34,PER!AV74=1,PER!$V$35,PER!AV114=1,PER!$V$36,PER!AV154=1,PER!$V$37,PER!AV194=1,PER!$V$38,PER!AV234=1,PER!$V$39,PER!AV274=1,PER!$V$40,PER!AV314=1,PER!$V$41,PER!AV354=1,PER!$V$42,PER!AV394=1,PER!$V$43,PER!AV434=1,PER!$V$44,PER!AV474=1,PER!$V$45,PER!AV514=1,PER!$V$46,PER!AV554=1,PER!$V$47,PER!AV594=1,PER!$V$48)))} -> Set up | H3: {=IF(PER!AB53=0,"",IF((PER!AW34+PER!AW74+PER!AW114+PER!AW154+PER!AW194+PER!AW234+PER!AW274+PER!AW314+PER!AW354+PER!AW394+PER!AW434+PER!AW474+PER!AW514+PER!AW554+PER!AW594)=0,"",_xlfn.IFS(PER!AW34=1,PER!$V$34,PER!AW74=1,PER!$V$35,PER!AW114=1,PER!$V$36,PER!AW154=1,PER!$V$37,PER!AW194=1,PER!$V$38,PER!AW234=1,PER!$V$39,PER!AW274=1,PER!$V$40,PER!AW314=1,PER!$V$41,PER!AW354=1,PER!$V$42,PER!AW394=1,PER!$V$43,PER!AW434=1,PER!$V$44,PER!AW474=1,PER!$V$45,PER!AW514=1,PER!$V$46,PER!AW554=1,PER!$V$47,PER!AW594=1,PER!$V$48)))} -> Rez | I3: {=IF(PER!AC53=0,"",IF((PER!AX34+PER!AX74+PER!AX114+PER!AX154+PER!AX194+PER!AX234+PER!AX274+PER!AX314+PER!AX354+PER!AX394+PER!AX434+PER!AX474+PER!AX514+PER!AX554+PER!AX594)=0,"",_xlfn.IFS(PER!AX34=1,PER!$V$34,PER!AX74=1,PER!$V$35,PER!AX114=1,PER!$V$36,PER!AX154=1,PER!$V$37,PER!AX194=1,PER!$V$38,PER!AX234=1,PER!$V$39,PER!AX274=1,PER!$V$40,PER!AX314=1,PER!$V$41,PER!AX354=1,PER!$V$42,PER!AX394=1,PER!$V$43,PER!AX434=1,PER!$V$44,PER!AX474=1,PER!$V$45,PER!AX514=1,PER!$V$46,PER!AX554=1,PER!$V$47,PER!AX594=1,PER!$V$48)))} -> Set up | J3: {=IF(PER!AD53=0,"",IF((PER!AY34+PER!AY74+PER!AY114+PER!AY154+PER!AY194+PER!AY234+PER!AY274+PER!AY314+PER!AY354+PER!AY394+PER!AY434+PER!AY474+PER!AY514+PER!AY554+PER!AY594)=0,"",_xlfn.IFS(PER!AY34=1,PER!$V$34,PER!AY74=1,PER!$V$35,PER!AY114=1,PER!$V$36,PER!AY154=1,PER!$V$37,PER!AY194=1,PER!$V$38,PER!AY234=1,PER!$V$39,PER!AY274=1,PER!$V$40,PER!AY314=1,PER!$V$41,PER!AY354=1,PER!$V$42,PER!AY394=1,PER!$V$43,PER!AY434=1,PER!$V$44,PER!AY474=1,PER!$V$45,PER!AY514=1,PER!$V$46,PER!AY554=1,PER!$V$47,PER!AY594=1,PER!$V$48)))} -> Rez | ... S3: {=IF(PER!AM53=0,"",IF((PER!BH34+PER!BH74+PER!BH114+PER!BH154+PER!BH194+PER!BH234+PER!BH274+PER!BH314+PER!BH354+PER!BH394+PER!BH434+PER!BH474+PER!BH514+PER!BH554+PER!BH594)=0,"",_xlfn.IFS(PER!BH34=1,PER!$V$34,PER!BH74=1,PER!$V$35,PER!BH114=1,PER!$V$36,PER!BH154=1,PER!$V$37,PER!BH194=1,PER!$V$38,PER!BH234=1,PER!$V$39,PER!BH274=1,PER!$V$40,PER!BH314=1,PER!$V$41,PER!BH354=1,PER!$V$42,PER!BH394=1,PER!$V$43,PER!BH434=1,PER!$V$44,PER!BH474=1,PER!$V$45,PER!BH514=1,PER!$V$46,PER!BH554=1,PER!$V$47,PER!BH594=1,PER!$V$48)))}
A4: 2 | B4: Galileo | C4: {=IF(PER!W54=0,"",IF((PER!AR35+PER!AR75+PER!AR115+PER!AR155+PER!AR195+PER!AR235+PER!AR275+PER!AR315+PER!AR355+PER!AR395+PER!AR435+PER!AR475+PER!AR515+PER!AR555+PER!AR595)=0,"",_xlfn.IFS(PER!AR35=1,PER!$V$34,PER!AR75=1,PER!$V$35,PER!AR115=1,PER!$V$36,PER!AR155=1,PER!$V$37,PER!AR195=1,PER!$V$38,PER!AR235=1,PER!$V$39,PER!AR275=1,PER!$V$40,PER!AR315=1,PER!$V$41,PER!AR355=1,PER!$V$42,PER!AR395=1,PER!$V$43,PER!AR435=1,PER!$V$44,PER!AR475=1,PER!$V$45,PER!AR515=1,PER!$V$46,PER!AR555=1,PER!$V$47,PER!AR595=1,PER!$V$48)))} -> C-mix | D4: {=IF(PER!X54=0,"",IF((PER!AS35+PER!AS75+PER!AS115+PER!AS155+PER!AS195+PER!AS235+PER!AS275+PER!AS315+PER!AS355+PER!AS395+PER!AS435+PER!AS475+PER!AS515+PER!AS555+PER!AS595)=0,"",_xlfn.IFS(PER!AS35=1,PER!$V$34,PER!AS75=1,PER!$V$35,PER!AS115=1,PER!$V$36,PER!AS155=1,PER!$V$37,PER!AS195=1,PER!$V$38,PER!AS235=1,PER!$V$39,PER!AS275=1,PER!$V$40,PER!AS315=1,PER!$V$41,PER!AS355=1,PER!$V$42,PER!AS395=1,PER!$V$43,PER!AS435=1,PER!$V$44,PER!AS475=1,PER!$V$45,PER!AS515=1,PER!$V$46,PER!AS555=1,PER!$V$47,PER!AS595=1,PER!$V$48)))} -> Entry | E4: {=IF(PER!Y54=0,"",IF((PER!AT35+PER!AT75+PER!AT115+PER!AT155+PER!AT195+PER!AT235+PER!AT275+PER!AT315+PER!AT355+PER!AT395+PER!AT435+PER!AT475+PER!AT515+PER!AT555+PER!AT595)=0,"",_xlfn.IFS(PER!AT35=1,PER!$V$34,PER!AT75=1,PER!$V$35,PER!AT115=1,PER!$V$36,PER!AT155=1,PER!$V$37,PER!AT195=1,PER!$V$38,PER!AT235=1,PER!$V$39,PER!AT275=1,PER!$V$40,PER!AT315=1,PER!$V$41,PER!AT355=1,PER!$V$42,PER!AT395=1,PER!$V$43,PER!AT435=1,PER!$V$44,PER!AT475=1,PER!$V$45,PER!AT515=1,PER!$V$46,PER!AT555=1,PER!$V$47,PER!AT595=1,PER!$V$48)))} -> C-mix | F4: {=IF(PER!Z54=0,"",IF((PER!AU35+PER!AU75+PER!AU115+PER!AU155+PER!AU195+PER!AU235+PER!AU275+PER!AU315+PER!AU355+PER!AU395+PER!AU435+PER!AU475+PER!AU515+PER!AU555+PER!AU595)=0,"",_xlfn.IFS(PER!AU35=1,PER!$V$34,PER!AU75=1,PER!$V$35,PER!AU115=1,PER!$V$36,PER!AU155=1,PER!$V$37,PER!AU195=1,PER!$V$38,PER!AU235=1,PER!$V$39,PER!AU275=1,PER!$V$40,PER!AU315=1,PER!$V$41,PER!AU355=1,PER!$V$42,PER!AU395=1,PER!$V$43,PER!AU435=1,PER!$V$44,PER!AU475=1,PER!$V$45,PER!AU515=1,PER!$V$46,PER!AU555=1,PER!$V$47,PER!AU595=1,PER!$V$48)))} -> Bar | G4: {=IF(PER!AA54=0,"",IF((PER!AV35+PER!AV75+PER!AV115+PER!AV155+PER!AV195+PER!AV235+PER!AV275+PER!AV315+PER!AV355+PER!AV395+PER!AV435+PER!AV475+PER!AV515+PER!AV555+PER!AV595)=0,"",_xlfn.IFS(PER!AV35=1,PER!$V$34,PER!AV75=1,PER!$V$35,PER!AV115=1,PER!$V$36,PER!AV155=1,PER!$V$37,PER!AV195=1,PER!$V$38,PER!AV235=1,PER!$V$39,PER!AV275=1,PER!$V$40,PER!AV315=1,PER!$V$41,PER!AV355=1,PER!$V$42,PER!AV395=1,PER!$V$43,PER!AV435=1,PER!$V$44,PER!AV475=1,PER!$V$45,PER!AV515=1,PER!$V$46,PER!AV555=1,PER!$V$47,PER!AV595=1,PER!$V$48)))} -> Level | H4: {=IF(PER!AB54=0,"",IF((PER!AW35+PER!AW75+PER!AW115+PER!AW155+PER!AW195+PER!AW235+PER!AW275+PER!AW315+PER!AW355+PER!AW395+PER!AW435+PER!AW475+PER!AW515+PER!AW555+PER!AW595)=0,"",_xlfn.IFS(PER!AW35=1,PER!$V$34,PER!AW75=1,PER!$V$35,PER!AW115=1,PER!$V$36,PER!AW155=1,PER!$V$37,PER!AW195=1,PER!$V$38,PER!AW235=1,PER!$V$39,PER!AW275=1,PER!$V$40,PER!AW315=1,PER!$V$41,PER!AW355=1,PER!$V$42,PER!AW395=1,PER!$V$43,PER!AW435=1,PER!$V$44,PER!AW475=1,PER!$V$45,PER!AW515=1,PER!$V$46,PER!AW555=1,PER!$V$47,PER!AW595=1,PER!$V$48)))} -> Bar | I4: {=IF(PER!AC54=0,"",IF((PER!AX35+PER!AX75+PER!AX115+PER!AX155+PER!AX195+PER!AX235+PER!AX275+PER!AX315+PER!AX355+PER!AX395+PER!AX435+PER!AX475+PER!AX515+PER!AX555+PER!AX595)=0,"",_xlfn.IFS(PER!AX35=1,PER!$V$34,PER!AX75=1,PER!$V$35,PER!AX115=1,PER!$V$36,PER!AX155=1,PER!$V$37,PER!AX195=1,PER!$V$38,PER!AX235=1,PER!$V$39,PER!AX275=1,PER!$V$40,PER!AX315=1,PER!$V$41,PER!AX355=1,PER!$V$42,PER!AX395=1,PER!$V$43,PER!AX435=1,PER!$V$44,PER!AX475=1,PER!$V$45,PER!AX515=1,PER!$V$46,PER!AX555=1,PER!$V$47,PER!AX595=1,PER!$V$48)))} -> Rez | J4: {=IF(PER!AD54=0,"",IF((PER!AY35+PER!AY75+PER!AY115+PER!AY155+PER!AY195+PER!AY235+PER!AY275+PER!AY315+PER!AY355+PER!AY395+PER!AY435+PER!AY475+PER!AY515+PER!AY555+PER!AY595)=0,"",_xlfn.IFS(PER!AY35=1,PER!$V$34,PER!AY75=1,PER!$V$35,PER!AY115=1,PER!$V$36,PER!AY155=1,PER!$V$37,PER!AY195=1,PER!$V$38,PER!AY235=1,PER!$V$39,PER!AY275=1,PER!$V$40,PER!AY315=1,PER!$V$41,PER!AY355=1,PER!$V$42,PER!AY395=1,PER!$V$43,PER!AY435=1,PER!$V$44,PER!AY475=1,PER!$V$45,PER!AY515=1,PER!$V$46,PER!AY555=1,PER!$V$47,PER!AY595=1,PER!$V$48)))} -> C-mix | ... S4: {=IF(PER!AM54=0,"",IF((PER!BH35+PER!BH75+PER!BH115+PER!BH155+PER!BH195+PER!BH235+PER!BH275+PER!BH315+PER!BH355+PER!BH395+PER!BH435+PER!BH475+PER!BH515+PER!BH555+PER!BH595)=0,"",_xlfn.IFS(PER!BH35=1,PER!$V$34,PER!BH75=1,PER!$V$35,PER!BH115=1,PER!$V$36,PER!BH155=1,PER!$V$37,PER!BH195=1,PER!$V$38,PER!BH235=1,PER!$V$39,PER!BH275=1,PER!$V$40,PER!BH315=1,PER!$V$41,PER!BH355=1,PER!$V$42,PER!BH395=1,PER!$V$43,PER!BH435=1,PER!$V$44,PER!BH475=1,PER!$V$45,PER!BH515=1,PER!$V$46,PER!BH555=1,PER!$V$47,PER!BH595=1,PER!$V$48)))}
A5: 3 | B5: Óscar | C5: {=IF(PER!W55=0,"",IF((PER!AR36+PER!AR76+PER!AR116+PER!AR156+PER!AR196+PER!AR236+PER!AR276+PER!AR316+PER!AR356+PER!AR396+PER!AR436+PER!AR476+PER!AR516+PER!AR556+PER!AR596)=0,"",_xlfn.IFS(PER!AR36=1,PER!$V$34,PER!AR76=1,PER!$V$35,PER!AR116=1,PER!$V$36,PER!AR156=1,PER!$V$37,PER!AR196=1,PER!$V$38,PER!AR236=1,PER!$V$39,PER!AR276=1,PER!$V$40,PER!AR316=1,PER!$V$41,PER!AR356=1,PER!$V$42,PER!AR396=1,PER!$V$43,PER!AR436=1,PER!$V$44,PER!AR476=1,PER!$V$45,PER!AR516=1,PER!$V$46,PER!AR556=1,PER!$V$47,PER!AR596=1,PER!$V$48)))} -> Çapèse | D5: {=IF(PER!X55=0,"",IF((PER!AS36+PER!AS76+PER!AS116+PER!AS156+PER!AS196+PER!AS236+PER!AS276+PER!AS316+PER!AS356+PER!AS396+PER!AS436+PER!AS476+PER!AS516+PER!AS556+PER!AS596)=0,"",_xlfn.IFS(PER!AS36=1,PER!$V$34,PER!AS76=1,PER!$V$35,PER!AS116=1,PER!$V$36,PER!AS156=1,PER!$V$37,PER!AS196=1,PER!$V$38,PER!AS236=1,PER!$V$39,PER!AS276=1,PER!$V$40,PER!AS316=1,PER!$V$41,PER!AS356=1,PER!$V$42,PER!AS396=1,PER!$V$43,PER!AS436=1,PER!$V$44,PER!AS476=1,PER!$V$45,PER!AS516=1,PER!$V$46,PER!AS556=1,PER!$V$47,PER!AS596=1,PER!$V$48)))} -> Rez | E5: {=IF(PER!Y55=0,"",IF((PER!AT36+PER!AT76+PER!AT116+PER!AT156+PER!AT196+PER!AT236+PER!AT276+PER!AT316+PER!AT356+PER!AT396+PER!AT436+PER!AT476+PER!AT516+PER!AT556+PER!AT596)=0,"",_xlfn.IFS(PER!AT36=1,PER!$V$34,PER!AT76=1,PER!$V$35,PER!AT116=1,PER!$V$36,PER!AT156=1,PER!$V$37,PER!AT196=1,PER!$V$38,PER!AT236=1,PER!$V$39,PER!AT276=1,PER!$V$40,PER!AT316=1,PER!$V$41,PER!AT356=1,PER!$V$42,PER!AT396=1,PER!$V$43,PER!AT436=1,PER!$V$44,PER!AT476=1,PER!$V$45,PER!AT516=1,PER!$V$46,PER!AT556=1,PER!$V$47,PER!AT596=1,PER!$V$48)))} -> Entry | F5: {=IF(PER!Z55=0,"",IF((PER!AU36+PER!AU76+PER!AU116+PER!AU156+PER!AU196+PER!AU236+PER!AU276+PER!AU316+PER!AU356+PER!AU396+PER!AU436+PER!AU476+PER!AU516+PER!AU556+PER!AU596)=0,"",_xlfn.IFS(PER!AU36=1,PER!$V$34,PER!AU76=1,PER!$V$35,PER!AU116=1,PER!$V$36,PER!AU156=1,PER!$V$37,PER!AU196=1,PER!$V$38,PER!AU236=1,PER!$V$39,PER!AU276=1,PER!$V$40,PER!AU316=1,PER!$V$41,PER!AU356=1,PER!$V$42,PER!AU396=1,PER!$V$43,PER!AU436=1,PER!$V$44,PER!AU476=1,PER!$V$45,PER!AU516=1,PER!$V$46,PER!AU556=1,PER!$V$47,PER!AU596=1,PER!$V$48)))} -> Rez | G5: {=IF(PER!AA55=0,"",IF((PER!AV36+PER!AV76+PER!AV116+PER!AV156+PER!AV196+PER!AV236+PER!AV276+PER!AV316+PER!AV356+PER!AV396+PER!AV436+PER!AV476+PER!AV516+PER!AV556+PER!AV596)=0,"",_xlfn.IFS(PER!AV36=1,PER!$V$34,PER!AV76=1,PER!$V$35,PER!AV116=1,PER!$V$36,PER!AV156=1,PER!$V$37,PER!AV196=1,PER!$V$38,PER!AV236=1,PER!$V$39,PER!AV276=1,PER!$V$40,PER!AV316=1,PER!$V$41,PER!AV356=1,PER!$V$42,PER!AV396=1,PER!$V$43,PER!AV436=1,PER!$V$44,PER!AV476=1,PER!$V$45,PER!AV516=1,PER!$V$46,PER!AV556=1,PER!$V$47,PER!AV596=1,PER!$V$48)))} -> C-mix | H5: {=IF(PER!AB55=0,"",IF((PER!AW36+PER!AW76+PER!AW116+PER!AW156+PER!AW196+PER!AW236+PER!AW276+PER!AW316+PER!AW356+PER!AW396+PER!AW436+PER!AW476+PER!AW516+PER!AW556+PER!AW596)=0,"",_xlfn.IFS(PER!AW36=1,PER!$V$34,PER!AW76=1,PER!$V$35,PER!AW116=1,PER!$V$36,PER!AW156=1,PER!$V$37,PER!AW196=1,PER!$V$38,PER!AW236=1,PER!$V$39,PER!AW276=1,PER!$V$40,PER!AW316=1,PER!$V$41,PER!AW356=1,PER!$V$42,PER!AW396=1,PER!$V$43,PER!AW436=1,PER!$V$44,PER!AW476=1,PER!$V$45,PER!AW516=1,PER!$V$46,PER!AW556=1,PER!$V$47,PER!AW596=1,PER!$V$48)))} -> Level | I5: {=IF(PER!AC55=0,"",IF((PER!AX36+PER!AX76+PER!AX116+PER!AX156+PER!AX196+PER!AX236+PER!AX276+PER!AX316+PER!AX356+PER!AX396+PER!AX436+PER!AX476+PER!AX516+PER!AX556+PER!AX596)=0,"",_xlfn.IFS(PER!AX36=1,PER!$V$34,PER!AX76=1,PER!$V$35,PER!AX116=1,PER!$V$36,PER!AX156=1,PER!$V$37,PER!AX196=1,PER!$V$38,PER!AX236=1,PER!$V$39,PER!AX276=1,PER!$V$40,PER!AX316=1,PER!$V$41,PER!AX356=1,PER!$V$42,PER!AX396=1,PER!$V$43,PER!AX436=1,PER!$V$44,PER!AX476=1,PER!$V$45,PER!AX516=1,PER!$V$46,PER!AX556=1,PER!$V$47,PER!AX596=1,PER!$V$48)))} -> C-mix | J5: {=IF(PER!AD55=0,"",IF((PER!AY36+PER!AY76+PER!AY116+PER!AY156+PER!AY196+PER!AY236+PER!AY276+PER!AY316+PER!AY356+PER!AY396+PER!AY436+PER!AY476+PER!AY516+PER!AY556+PER!AY596)=0,"",_xlfn.IFS(PER!AY36=1,PER!$V$34,PER!AY76=1,PER!$V$35,PER!AY116=1,PER!$V$36,PER!AY156=1,PER!$V$37,PER!AY196=1,PER!$V$38,PER!AY236=1,PER!$V$39,PER!AY276=1,PER!$V$40,PER!AY316=1,PER!$V$41,PER!AY356=1,PER!$V$42,PER!AY396=1,PER!$V$43,PER!AY436=1,PER!$V$44,PER!AY476=1,PER!$V$45,PER!AY516=1,PER!$V$46,PER!AY556=1,PER!$V$47,PER!AY596=1,PER!$V$48)))} -> Bar | ... S5: {=IF(PER!AM55=0,"",IF((PER!BH36+PER!BH76+PER!BH116+PER!BH156+PER!BH196+PER!BH236+PER!BH276+PER!BH316+PER!BH356+PER!BH396+PER!BH436+PER!BH476+PER!BH516+PER!BH556+PER!BH596)=0,"",_xlfn.IFS(PER!BH36=1,PER!$V$34,PER!BH76=1,PER!$V$35,PER!BH116=1,PER!$V$36,PER!BH156=1,PER!$V$37,PER!BH196=1,PER!$V$38,PER!BH236=1,PER!$V$39,PER!BH276=1,PER!$V$40,PER!BH316=1,PER!$V$41,PER!BH356=1,PER!$V$42,PER!BH396=1,PER!$V$43,PER!BH436=1,PER!$V$44,PER!BH476=1,PER!$V$45,PER!BH516=1,PER!$V$46,PER!BH556=1,PER!$V$47,PER!BH596=1,PER!$V$48)))}
A6: 4 | B6: Sebastián | C6: {=IF(PER!W56=0,"",IF((PER!AR37+PER!AR77+PER!AR117+PER!AR157+PER!AR197+PER!AR237+PER!AR277+PER!AR317+PER!AR357+PER!AR397+PER!AR437+PER!AR477+PER!AR517+PER!AR557+PER!AR597)=0,"",_xlfn.IFS(PER!AR37=1,PER!$V$34,PER!AR77=1,PER!$V$35,PER!AR117=1,PER!$V$36,PER!AR157=1,PER!$V$37,PER!AR197=1,PER!$V$38,PER!AR237=1,PER!$V$39,PER!AR277=1,PER!$V$40,PER!AR317=1,PER!$V$41,PER!AR357=1,PER!$V$42,PER!AR397=1,PER!$V$43,PER!AR437=1,PER!$V$44,PER!AR477=1,PER!$V$45,PER!AR517=1,PER!$V$46,PER!AR557=1,PER!$V$47,PER!AR597=1,PER!$V$48)))} -> Rez | D6: {=IF(PER!X56=0,"",IF((PER!AS37+PER!AS77+PER!AS117+PER!AS157+PER!AS197+PER!AS237+PER!AS277+PER!AS317+PER!AS357+PER!AS397+PER!AS437+PER!AS477+PER!AS517+PER!AS557+PER!AS597)=0,"",_xlfn.IFS(PER!AS37=1,PER!$V$34,PER!AS77=1,PER!$V$35,PER!AS117=1,PER!$V$36,PER!AS157=1,PER!$V$37,PER!AS197=1,PER!$V$38,PER!AS237=1,PER!$V$39,PER!AS277=1,PER!$V$40,PER!AS317=1,PER!$V$41,PER!AS357=1,PER!$V$42,PER!AS397=1,PER!$V$43,PER!AS437=1,PER!$V$44,PER!AS477=1,PER!$V$45,PER!AS517=1,PER!$V$46,PER!AS557=1,PER!$V$47,PER!AS597=1,PER!$V$48)))} -> Bar | E6: {=IF(PER!Y56=0,"",IF((PER!AT37+PER!AT77+PER!AT117+PER!AT157+PER!AT197+PER!AT237+PER!AT277+PER!AT317+PER!AT357+PER!AT397+PER!AT437+PER!AT477+PER!AT517+PER!AT557+PER!AT597)=0,"",_xlfn.IFS(PER!AT37=1,PER!$V$34,PER!AT77=1,PER!$V$35,PER!AT117=1,PER!$V$36,PER!AT157=1,PER!$V$37,PER!AT197=1,PER!$V$38,PER!AT237=1,PER!$V$39,PER!AT277=1,PER!$V$40,PER!AT317=1,PER!$V$41,PER!AT357=1,PER!$V$42,PER!AT397=1,PER!$V$43,PER!AT437=1,PER!$V$44,PER!AT477=1,PER!$V$45,PER!AT517=1,PER!$V$46,PER!AT557=1,PER!$V$47,PER!AT597=1,PER!$V$48)))} -> Rez | F6: {=IF(PER!Z56=0,"",IF((PER!AU37+PER!AU77+PER!AU117+PER!AU157+PER!AU197+PER!AU237+PER!AU277+PER!AU317+PER!AU357+PER!AU397+PER!AU437+PER!AU477+PER!AU517+PER!AU557+PER!AU597)=0,"",_xlfn.IFS(PER!AU37=1,PER!$V$34,PER!AU77=1,PER!$V$35,PER!AU117=1,PER!$V$36,PER!AU157=1,PER!$V$37,PER!AU197=1,PER!$V$38,PER!AU237=1,PER!$V$39,PER!AU277=1,PER!$V$40,PER!AU317=1,PER!$V$41,PER!AU357=1,PER!$V$42,PER!AU397=1,PER!$V$43,PER!AU437=1,PER!$V$44,PER!AU477=1,PER!$V$45,PER!AU517=1,PER!$V$46,PER!AU557=1,PER!$V$47,PER!AU597=1,PER!$V$48)))} -> Dummy 1 | G6: {=IF(PER!AA56=0,"",IF((PER!AV37+PER!AV77+PER!AV117+PER!AV157+PER!AV197+PER!AV237+PER!AV277+PER!AV317+PER!AV357+PER!AV397+PER!AV437+PER!AV477+PER!AV517+PER!AV557+PER!AV597)=0,"",_xlfn.IFS(PER!AV37=1,PER!$V$34,PER!AV77=1,PER!$V$35,PER!AV117=1,PER!$V$36,PER!AV157=1,PER!$V$37,PER!AV197=1,PER!$V$38,PER!AV237=1,PER!$V$39,PER!AV277=1,PER!$V$40,PER!AV317=1,PER!$V$41,PER!AV357=1,PER!$V$42,PER!AV397=1,PER!$V$43,PER!AV437=1,PER!$V$44,PER!AV477=1,PER!$V$45,PER!AV517=1,PER!$V$46,PER!AV557=1,PER!$V$47,PER!AV597=1,PER!$V$48)))} -> Level | H6: {=IF(PER!AB56=0,"",IF((PER!AW37+PER!AW77+PER!AW117+PER!AW157+PER!AW197+PER!AW237+PER!AW277+PER!AW317+PER!AW357+PER!AW397+PER!AW437+PER!AW477+PER!AW517+PER!AW557+PER!AW597)=0,"",_xlfn.IFS(PER!AW37=1,PER!$V$34,PER!AW77=1,PER!$V$35,PER!AW117=1,PER!$V$36,PER!AW157=1,PER!$V$37,PER!AW197=1,PER!$V$38,PER!AW237=1,PER!$V$39,PER!AW277=1,PER!$V$40,PER!AW317=1,PER!$V$41,PER!AW357=1,PER!$V$42,PER!AW397=1,PER!$V$43,PER!AW437=1,PER!$V$44,PER!AW477=1,PER!$V$45,PER!AW517=1,PER!$V$46,PER!AW557=1,PER!$V$47,PER!AW597=1,PER!$V$48)))} -> Entry | I6: {=IF(PER!AC56=0,"",IF((PER!AX37+PER!AX77+PER!AX117+PER!AX157+PER!AX197+PER!AX237+PER!AX277+PER!AX317+PER!AX357+PER!AX397+PER!AX437+PER!AX477+PER!AX517+PER!AX557+PER!AX597)=0,"",_xlfn.IFS(PER!AX37=1,PER!$V$34,PER!AX77=1,PER!$V$35,PER!AX117=1,PER!$V$36,PER!AX157=1,PER!$V$37,PER!AX197=1,PER!$V$38,PER!AX237=1,PER!$V$39,PER!AX277=1,PER!$V$40,PER!AX317=1,PER!$V$41,PER!AX357=1,PER!$V$42,PER!AX397=1,PER!$V$43,PER!AX437=1,PER!$V$44,PER!AX477=1,PER!$V$45,PER!AX517=1,PER!$V$46,PER!AX557=1,PER!$V$47,PER!AX597=1,PER!$V$48)))} -> Dummy 4 | J6: {=IF(PER!AD56=0,"",IF((PER!AY37+PER!AY77+PER!AY117+PER!AY157+PER!AY197+PER!AY237+PER!AY277+PER!AY317+PER!AY357+PER!AY397+PER!AY437+PER!AY477+PER!AY517+PER!AY557+PER!AY597)=0,"",_xlfn.IFS(PER!AY37=1,PER!$V$34,PER!AY77=1,PER!$V$35,PER!AY117=1,PER!$V$36,PER!AY157=1,PER!$V$37,PER!AY197=1,PER!$V$38,PER!AY237=1,PER!$V$39,PER!AY277=1,PER!$V$40,PER!AY317=1,PER!$V$41,PER!AY357=1,PER!$V$42,PER!AY397=1,PER!$V$43,PER!AY437=1,PER!$V$44,PER!AY477=1,PER!$V$45,PER!AY517=1,PER!$V$46,PER!AY557=1,PER!$V$47,PER!AY597=1,PER!$V$48)))} -> Entry | ... S6: {=IF(PER!AM56=0,"",IF((PER!BH37+PER!BH77+PER!BH117+PER!BH157+PER!BH197+PER!BH237+PER!BH277+PER!BH317+PER!BH357+PER!BH397+PER!BH437+PER!BH477+PER!BH517+PER!BH557+PER!BH597)=0,"",_xlfn.IFS(PER!BH37=1,PER!$V$34,PER!BH77=1,PER!$V$35,PER!BH117=1,PER!$V$36,PER!BH157=1,PER!$V$37,PER!BH197=1,PER!$V$38,PER!BH237=1,PER!$V$39,PER!BH277=1,PER!$V$40,PER!BH317=1,PER!$V$41,PER!BH357=1,PER!$V$42,PER!BH397=1,PER!$V$43,PER!BH437=1,PER!$V$44,PER!BH477=1,PER!$V$45,PER!BH517=1,PER!$V$46,PER!BH557=1,PER!$V$47,PER!BH597=1,PER!$V$48)))}
A7: 5 | B7: Marcos | C7: {=IF(PER!W57=0,"",IF((PER!AR38+PER!AR78+PER!AR118+PER!AR158+PER!AR198+PER!AR238+PER!AR278+PER!AR318+PER!AR358+PER!AR398+PER!AR438+PER!AR478+PER!AR518+PER!AR558+PER!AR598)=0,"",_xlfn.IFS(PER!AR38=1,PER!$V$34,PER!AR78=1,PER!$V$35,PER!AR118=1,PER!$V$36,PER!AR158=1,PER!$V$37,PER!AR198=1,PER!$V$38,PER!AR238=1,PER!$V$39,PER!AR278=1,PER!$V$40,PER!AR318=1,PER!$V$41,PER!AR358=1,PER!$V$42,PER!AR398=1,PER!$V$43,PER!AR438=1,PER!$V$44,PER!AR478=1,PER!$V$45,PER!AR518=1,PER!$V$46,PER!AR558=1,PER!$V$47,PER!AR598=1,PER!$V$48)))} -> Bar | D7: {=IF(PER!X57=0,"",IF((PER!AS38+PER!AS78+PER!AS118+PER!AS158+PER!AS198+PER!AS238+PER!AS278+PER!AS318+PER!AS358+PER!AS398+PER!AS438+PER!AS478+PER!AS518+PER!AS558+PER!AS598)=0,"",_xlfn.IFS(PER!AS38=1,PER!$V$34,PER!AS78=1,PER!$V$35,PER!AS118=1,PER!$V$36,PER!AS158=1,PER!$V$37,PER!AS198=1,PER!$V$38,PER!AS238=1,PER!$V$39,PER!AS278=1,PER!$V$40,PER!AS318=1,PER!$V$41,PER!AS358=1,PER!$V$42,PER!AS398=1,PER!$V$43,PER!AS438=1,PER!$V$44,PER!AS478=1,PER!$V$45,PER!AS518=1,PER!$V$46,PER!AS558=1,PER!$V$47,PER!AS598=1,PER!$V$48)))} -> C-mix | E7: {=IF(PER!Y57=0,"",IF((PER!AT38+PER!AT78+PER!AT118+PER!AT158+PER!AT198+PER!AT238+PER!AT278+PER!AT318+PER!AT358+PER!AT398+PER!AT438+PER!AT478+PER!AT518+PER!AT558+PER!AT598)=0,"",_xlfn.IFS(PER!AT38=1,PER!$V$34,PER!AT78=1,PER!$V$35,PER!AT118=1,PER!$V$36,PER!AT158=1,PER!$V$37,PER!AT198=1,PER!$V$38,PER!AT238=1,PER!$V$39,PER!AT278=1,PER!$V$40,PER!AT318=1,PER!$V$41,PER!AT358=1,PER!$V$42,PER!AT398=1,PER!$V$43,PER!AT438=1,PER!$V$44,PER!AT478=1,PER!$V$45,PER!AT518=1,PER!$V$46,PER!AT558=1,PER!$V$47,PER!AT598=1,PER!$V$48)))} -> Rez | F7: {=IF(PER!Z57=0,"",IF((PER!AU38+PER!AU78+PER!AU118+PER!AU158+PER!AU198+PER!AU238+PER!AU278+PER!AU318+PER!AU358+PER!AU398+PER!AU438+PER!AU478+PER!AU518+PER!AU558+PER!AU598)=0,"",_xlfn.IFS(PER!AU38=1,PER!$V$34,PER!AU78=1,PER!$V$35,PER!AU118=1,PER!$V$36,PER!AU158=1,PER!$V$37,PER!AU198=1,PER!$V$38,PER!AU238=1,PER!$V$39,PER!AU278=1,PER!$V$40,PER!AU318=1,PER!$V$41,PER!AU358=1,PER!$V$42,PER!AU398=1,PER!$V$43,PER!AU438=1,PER!$V$44,PER!AU478=1,PER!$V$45,PER!AU518=1,PER!$V$46,PER!AU558=1,PER!$V$47,PER!AU598=1,PER!$V$48)))} -> Dummy 1 | G7: {=IF(PER!AA57=0,"",IF((PER!AV38+PER!AV78+PER!AV118+PER!AV158+PER!AV198+PER!AV238+PER!AV278+PER!AV318+PER!AV358+PER!AV398+PER!AV438+PER!AV478+PER!AV518+PER!AV558+PER!AV598)=0,"",_xlfn.IFS(PER!AV38=1,PER!$V$34,PER!AV78=1,PER!$V$35,PER!AV118=1,PER!$V$36,PER!AV158=1,PER!$V$37,PER!AV198=1,PER!$V$38,PER!AV238=1,PER!$V$39,PER!AV278=1,PER!$V$40,PER!AV318=1,PER!$V$41,PER!AV358=1,PER!$V$42,PER!AV398=1,PER!$V$43,PER!AV438=1,PER!$V$44,PER!AV478=1,PER!$V$45,PER!AV518=1,PER!$V$46,PER!AV558=1,PER!$V$47,PER!AV598=1,PER!$V$48)))} -> Rez | H7: {=IF(PER!AB57=0,"",IF((PER!AW38+PER!AW78+PER!AW118+PER!AW158+PER!AW198+PER!AW238+PER!AW278+PER!AW318+PER!AW358+PER!AW398+PER!AW438+PER!AW478+PER!AW518+PER!AW558+PER!AW598)=0,"",_xlfn.IFS(PER!AW38=1,PER!$V$34,PER!AW78=1,PER!$V$35,PER!AW118=1,PER!$V$36,PER!AW158=1,PER!$V$37,PER!AW198=1,PER!$V$38,PER!AW238=1,PER!$V$39,PER!AW278=1,PER!$V$40,PER!AW318=1,PER!$V$41,PER!AW358=1,PER!$V$42,PER!AW398=1,PER!$V$43,PER!AW438=1,PER!$V$44,PER!AW478=1,PER!$V$45,PER!AW518=1,PER!$V$46,PER!AW558=1,PER!$V$47,PER!AW598=1,PER!$V$48)))} -> C-mix | I7: {=IF(PER!AC57=0,"",IF((PER!AX38+PER!AX78+PER!AX118+PER!AX158+PER!AX198+PER!AX238+PER!AX278+PER!AX318+PER!AX358+PER!AX398+PER!AX438+PER!AX478+PER!AX518+PER!AX558+PER!AX598)=0,"",_xlfn.IFS(PER!AX38=1,PER!$V$34,PER!AX78=1,PER!$V$35,PER!AX118=1,PER!$V$36,PER!AX158=1,PER!$V$37,PER!AX198=1,PER!$V$38,PER!AX238=1,PER!$V$39,PER!AX278=1,PER!$V$40,PER!AX318=1,PER!$V$41,PER!AX358=1,PER!$V$42,PER!AX398=1,PER!$V$43,PER!AX438=1,PER!$V$44,PER!AX478=1,PER!$V$45,PER!AX518=1,PER!$V$46,PER!AX558=1,PER!$V$47,PER!AX598=1,PER!$V$48)))} -> Dummy 4 | J7: {=IF(PER!AD57=0,"",IF((PER!AY38+PER!AY78+PER!AY118+PER!AY158+PER!AY198+PER!AY238+PER!AY278+PER!AY318+PER!AY358+PER!AY398+PER!AY438+PER!AY478+PER!AY518+PER!AY558+PER!AY598)=0,"",_xlfn.IFS(PER!AY38=1,PER!$V$34,PER!AY78=1,PER!$V$35,PER!AY118=1,PER!$V$36,PER!AY158=1,PER!$V$37,PER!AY198=1,PER!$V$38,PER!AY238=1,PER!$V$39,PER!AY278=1,PER!$V$40,PER!AY318=1,PER!$V$41,PER!AY358=1,PER!$V$42,PER!AY398=1,PER!$V$43,PER!AY438=1,PER!$V$44,PER!AY478=1,PER!$V$45,PER!AY518=1,PER!$V$46,PER!AY558=1,PER!$V$47,PER!AY598=1,PER!$V$48)))} -> Set up | ... S7: {=IF(PER!AM57=0,"",IF((PER!BH38+PER!BH78+PER!BH118+PER!BH158+PER!BH198+PER!BH238+PER!BH278+PER!BH318+PER!BH358+PER!BH398+PER!BH438+PER!BH478+PER!BH518+PER!BH558+PER!BH598)=0,"",_xlfn.IFS(PER!BH38=1,PER!$V$34,PER!BH78=1,PER!$V$35,PER!BH118=1,PER!$V$36,PER!BH158=1,PER!$V$37,PER!BH198=1,PER!$V$38,PER!BH238=1,PER!$V$39,PER!BH278=1,PER!$V$40,PER!BH318=1,PER!$V$41,PER!BH358=1,PER!$V$42,PER!BH398=1,PER!$V$43,PER!BH438=1,PER!$V$44,PER!BH478=1,PER!$V$45,PER!BH518=1,PER!$V$46,PER!BH558=1,PER!$V$47,PER!BH598=1,PER!$V$48)))}
A8: 6 | B8: Weixin | C8: {=IF(PER!W58=0,"",IF((PER!AR39+PER!AR79+PER!AR119+PER!AR159+PER!AR199+PER!AR239+PER!AR279+PER!AR319+PER!AR359+PER!AR399+PER!AR439+PER!AR479+PER!AR519+PER!AR559+PER!AR599)=0,"",_xlfn.IFS(PER!AR39=1,PER!$V$34,PER!AR79=1,PER!$V$35,PER!AR119=1,PER!$V$36,PER!AR159=1,PER!$V$37,PER!AR199=1,PER!$V$38,PER!AR239=1,PER!$V$39,PER!AR279=1,PER!$V$40,PER!AR319=1,PER!$V$41,PER!AR359=1,PER!$V$42,PER!AR399=1,PER!$V$43,PER!AR439=1,PER!$V$44,PER!AR479=1,PER!$V$45,PER!AR519=1,PER!$V$46,PER!AR559=1,PER!$V$47,PER!AR599=1,PER!$V$48)))} -> Çapèse | D8: {=IF(PER!X58=0,"",IF((PER!AS39+PER!AS79+PER!AS119+PER!AS159+PER!AS199+PER!AS239+PER!AS279+PER!AS319+PER!AS359+PER!AS399+PER!AS439+PER!AS479+PER!AS519+PER!AS559+PER!AS599)=0,"",_xlfn.IFS(PER!AS39=1,PER!$V$34,PER!AS79=1,PER!$V$35,PER!AS119=1,PER!$V$36,PER!AS159=1,PER!$V$37,PER!AS199=1,PER!$V$38,PER!AS239=1,PER!$V$39,PER!AS279=1,PER!$V$40,PER!AS319=1,PER!$V$41,PER!AS359=1,PER!$V$42,PER!AS399=1,PER!$V$43,PER!AS439=1,PER!$V$44,PER!AS479=1,PER!$V$45,PER!AS519=1,PER!$V$46,PER!AS559=1,PER!$V$47,PER!AS599=1,PER!$V$48)))} -> Volante | E8: {=IF(PER!Y58=0,"",IF((PER!AT39+PER!AT79+PER!AT119+PER!AT159+PER!AT199+PER!AT239+PER!AT279+PER!AT319+PER!AT359+PER!AT399+PER!AT439+PER!AT479+PER!AT519+PER!AT559+PER!AT599)=0,"",_xlfn.IFS(PER!AT39=1,PER!$V$34,PER!AT79=1,PER!$V$35,PER!AT119=1,PER!$V$36,PER!AT159=1,PER!$V$37,PER!AT199=1,PER!$V$38,PER!AT239=1,PER!$V$39,PER!AT279=1,PER!$V$40,PER!AT319=1,PER!$V$41,PER!AT359=1,PER!$V$42,PER!AT399=1,PER!$V$43,PER!AT439=1,PER!$V$44,PER!AT479=1,PER!$V$45,PER!AT519=1,PER!$V$46,PER!AT559=1,PER!$V$47,PER!AT599=1,PER!$V$48)))} -> Rez | F8: {=IF(PER!Z58=0,"",IF((PER!AU39+PER!AU79+PER!AU119+PER!AU159+PER!AU199+PER!AU239+PER!AU279+PER!AU319+PER!AU359+PER!AU399+PER!AU439+PER!AU479+PER!AU519+PER!AU559+PER!AU599)=0,"",_xlfn.IFS(PER!AU39=1,PER!$V$34,PER!AU79=1,PER!$V$35,PER!AU119=1,PER!$V$36,PER!AU159=1,PER!$V$37,PER!AU199=1,PER!$V$38,PER!AU239=1,PER!$V$39,PER!AU279=1,PER!$V$40,PER!AU319=1,PER!$V$41,PER!AU359=1,PER!$V$42,PER!AU399=1,PER!$V$43,PER!AU439=1,PER!$V$44,PER!AU479=1,PER!$V$45,PER!AU519=1,PER!$V$46,PER!AU559=1,PER!$V$47,PER!AU599=1,PER!$V$48)))} -> Set up | G8: {=IF(PER!AA58=0,"",IF((PER!AV39+PER!AV79+PER!AV119+PER!AV159+PER!AV199+PER!AV239+PER!AV279+PER!AV319+PER!AV359+PER!AV399+PER!AV439+PER!AV479+PER!AV519+PER!AV559+PER!AV599)=0,"",_xlfn.IFS(PER!AV39=1,PER!$V$34,PER!AV79=1,PER!$V$35,PER!AV119=1,PER!$V$36,PER!AV159=1,PER!$V$37,PER!AV199=1,PER!$V$38,PER!AV239=1,PER!$V$39,PER!AV279=1,PER!$V$40,PER!AV319=1,PER!$V$41,PER!AV359=1,PER!$V$42,PER!AV399=1,PER!$V$43,PER!AV439=1,PER!$V$44,PER!AV479=1,PER!$V$45,PER!AV519=1,PER!$V$46,PER!AV559=1,PER!$V$47,PER!AV599=1,PER!$V$48)))} -> Entry | H8: {=IF(PER!AB58=0,"",IF((PER!AW39+PER!AW79+PER!AW119+PER!AW159+PER!AW199+PER!AW239+PER!AW279+PER!AW319+PER!AW359+PER!AW399+PER!AW439+PER!AW479+PER!AW519+PER!AW559+PER!AW599)=0,"",_xlfn.IFS(PER!AW39=1,PER!$V$34,PER!AW79=1,PER!$V$35,PER!AW119=1,PER!$V$36,PER!AW159=1,PER!$V$37,PER!AW199=1,PER!$V$38,PER!AW239=1,PER!$V$39,PER!AW279=1,PER!$V$40,PER!AW319=1,PER!$V$41,PER!AW359=1,PER!$V$42,PER!AW399=1,PER!$V$43,PER!AW439=1,PER!$V$44,PER!AW479=1,PER!$V$45,PER!AW519=1,PER!$V$46,PER!AW559=1,PER!$V$47,PER!AW599=1,PER!$V$48)))} -> Level | I8: {=IF(PER!AC58=0,"",IF((PER!AX39+PER!AX79+PER!AX119+PER!AX159+PER!AX199+PER!AX239+PER!AX279+PER!AX319+PER!AX359+PER!AX399+PER!AX439+PER!AX479+PER!AX519+PER!AX559+PER!AX599)=0,"",_xlfn.IFS(PER!AX39=1,PER!$V$34,PER!AX79=1,PER!$V$35,PER!AX119=1,PER!$V$36,PER!AX159=1,PER!$V$37,PER!AX199=1,PER!$V$38,PER!AX239=1,PER!$V$39,PER!AX279=1,PER!$V$40,PER!AX319=1,PER!$V$41,PER!AX359=1,PER!$V$42,PER!AX399=1,PER!$V$43,PER!AX439=1,PER!$V$44,PER!AX479=1,PER!$V$45,PER!AX519=1,PER!$V$46,PER!AX559=1,PER!$V$47,PER!AX599=1,PER!$V$48)))} -> Entry | J8: {=IF(PER!AD58=0,"",IF((PER!AY39+PER!AY79+PER!AY119+PER!AY159+PER!AY199+PER!AY239+PER!AY279+PER!AY319+PER!AY359+PER!AY399+PER!AY439+PER!AY479+PER!AY519+PER!AY559+PER!AY599)=0,"",_xlfn.IFS(PER!AY39=1,PER!$V$34,PER!AY79=1,PER!$V$35,PER!AY119=1,PER!$V$36,PER!AY159=1,PER!$V$37,PER!AY199=1,PER!$V$38,PER!AY239=1,PER!$V$39,PER!AY279=1,PER!$V$40,PER!AY319=1,PER!$V$41,PER!AY359=1,PER!$V$42,PER!AY399=1,PER!$V$43,PER!AY439=1,PER!$V$44,PER!AY479=1,PER!$V$45,PER!AY519=1,PER!$V$46,PER!AY559=1,PER!$V$47,PER!AY599=1,PER!$V$48)))} -> Toilets | ... S8: {=IF(PER!AM58=0,"",IF((PER!BH39+PER!BH79+PER!BH119+PER!BH159+PER!BH199+PER!BH239+PER!BH279+PER!BH319+PER!BH359+PER!BH399+PER!BH439+PER!BH479+PER!BH519+PER!BH559+PER!BH599)=0,"",_xlfn.IFS(PER!BH39=1,PER!$V$34,PER!BH79=1,PER!$V$35,PER!BH119=1,PER!$V$36,PER!BH159=1,PER!$V$37,PER!BH199=1,PER!$V$38,PER!BH239=1,PER!$V$39,PER!BH279=1,PER!$V$40,PER!BH319=1,PER!$V$41,PER!BH359=1,PER!$V$42,PER!BH399=1,PER!$V$43,PER!BH439=1,PER!$V$44,PER!BH479=1,PER!$V$45,PER!BH519=1,PER!$V$46,PER!BH559=1,PER!$V$47,PER!BH599=1,PER!$V$48)))}
A9: 7 | B9: Benjamin | C9: {=IF(PER!W59=0,"",IF((PER!AR40+PER!AR80+PER!AR120+PER!AR160+PER!AR200+PER!AR240+PER!AR280+PER!AR320+PER!AR360+PER!AR400+PER!AR440+PER!AR480+PER!AR520+PER!AR560+PER!AR600)=0,"",_xlfn.IFS(PER!AR40=1,PER!$V$34,PER!AR80=1,PER!$V$35,PER!AR120=1,PER!$V$36,PER!AR160=1,PER!$V$37,PER!AR200=1,PER!$V$38,PER!AR240=1,PER!$V$39,PER!AR280=1,PER!$V$40,PER!AR320=1,PER!$V$41,PER!AR360=1,PER!$V$42,PER!AR400=1,PER!$V$43,PER!AR440=1,PER!$V$44,PER!AR480=1,PER!$V$45,PER!AR520=1,PER!$V$46,PER!AR560=1,PER!$V$47,PER!AR600=1,PER!$V$48)))} -> Set up | D9: {=IF(PER!X59=0,"",IF((PER!AS40+PER!AS80+PER!AS120+PER!AS160+PER!AS200+PER!AS240+PER!AS280+PER!AS320+PER!AS360+PER!AS400+PER!AS440+PER!AS480+PER!AS520+PER!AS560+PER!AS600)=0,"",_xlfn.IFS(PER!AS40=1,PER!$V$34,PER!AS80=1,PER!$V$35,PER!AS120=1,PER!$V$36,PER!AS160=1,PER!$V$37,PER!AS200=1,PER!$V$38,PER!AS240=1,PER!$V$39,PER!AS280=1,PER!$V$40,PER!AS320=1,PER!$V$41,PER!AS360=1,PER!$V$42,PER!AS400=1,PER!$V$43,PER!AS440=1,PER!$V$44,PER!AS480=1,PER!$V$45,PER!AS520=1,PER!$V$46,PER!AS560=1,PER!$V$47,PER!AS600=1,PER!$V$48)))} -> Volante | E9: {=IF(PER!Y59=0,"",IF((PER!AT40+PER!AT80+PER!AT120+PER!AT160+PER!AT200+PER!AT240+PER!AT280+PER!AT320+PER!AT360+PER!AT400+PER!AT440+PER!AT480+PER!AT520+PER!AT560+PER!AT600)=0,"",_xlfn.IFS(PER!AT40=1,PER!$V$34,PER!AT80=1,PER!$V$35,PER!AT120=1,PER!$V$36,PER!AT160=1,PER!$V$37,PER!AT200=1,PER!$V$38,PER!AT240=1,PER!$V$39,PER!AT280=1,PER!$V$40,PER!AT320=1,PER!$V$41,PER!AT360=1,PER!$V$42,PER!AT400=1,PER!$V$43,PER!AT440=1,PER!$V$44,PER!AT480=1,PER!$V$45,PER!AT520=1,PER!$V$46,PER!AT560=1,PER!$V$47,PER!AT600=1,PER!$V$48)))} -> Set up | F9: {=IF(PER!Z59=0,"",IF((PER!AU40+PER!AU80+PER!AU120+PER!AU160+PER!AU200+PER!AU240+PER!AU280+PER!AU320+PER!AU360+PER!AU400+PER!AU440+PER!AU480+PER!AU520+PER!AU560+PER!AU600)=0,"",_xlfn.IFS(PER!AU40=1,PER!$V$34,PER!AU80=1,PER!$V$35,PER!AU120=1,PER!$V$36,PER!AU160=1,PER!$V$37,PER!AU200=1,PER!$V$38,PER!AU240=1,PER!$V$39,PER!AU280=1,PER!$V$40,PER!AU320=1,PER!$V$41,PER!AU360=1,PER!$V$42,PER!AU400=1,PER!$V$43,PER!AU440=1,PER!$V$44,PER!AU480=1,PER!$V$45,PER!AU520=1,PER!$V$46,PER!AU560=1,PER!$V$47,PER!AU600=1,PER!$V$48)))} -> C-mix | G9: {=IF(PER!AA59=0,"",IF((PER!AV40+PER!AV80+PER!AV120+PER!AV160+PER!AV200+PER!AV240+PER!AV280+PER!AV320+PER!AV360+PER!AV400+PER!AV440+PER!AV480+PER!AV520+PER!AV560+PER!AV600)=0,"",_xlfn.IFS(PER!AV40=1,PER!$V$34,PER!AV80=1,PER!$V$35,PER!AV120=1,PER!$V$36,PER!AV160=1,PER!$V$37,PER!AV200=1,PER!$V$38,PER!AV240=1,PER!$V$39,PER!AV280=1,PER!$V$40,PER!AV320=1,PER!$V$41,PER!AV360=1,PER!$V$42,PER!AV400=1,PER!$V$43,PER!AV440=1,PER!$V$44,PER!AV480=1,PER!$V$45,PER!AV520=1,PER!$V$46,PER!AV560=1,PER!$V$47,PER!AV600=1,PER!$V$48)))} -> Bar | H9: {=IF(PER!AB59=0,"",IF((PER!AW40+PER!AW80+PER!AW120+PER!AW160+PER!AW200+PER!AW240+PER!AW280+PER!AW320+PER!AW360+PER!AW400+PER!AW440+PER!AW480+PER!AW520+PER!AW560+PER!AW600)=0,"",_xlfn.IFS(PER!AW40=1,PER!$V$34,PER!AW80=1,PER!$V$35,PER!AW120=1,PER!$V$36,PER!AW160=1,PER!$V$37,PER!AW200=1,PER!$V$38,PER!AW240=1,PER!$V$39,PER!AW280=1,PER!$V$40,PER!AW320=1,PER!$V$41,PER!AW360=1,PER!$V$42,PER!AW400=1,PER!$V$43,PER!AW440=1,PER!$V$44,PER!AW480=1,PER!$V$45,PER!AW520=1,PER!$V$46,PER!AW560=1,PER!$V$47,PER!AW600=1,PER!$V$48)))} -> Set up | I9: {=IF(PER!AC59=0,"",IF((PER!AX40+PER!AX80+PER!AX120+PER!AX160+PER!AX200+PER!AX240+PER!AX280+PER!AX320+PER!AX360+PER!AX400+PER!AX440+PER!AX480+PER!AX520+PER!AX560+PER!AX600)=0,"",_xlfn.IFS(PER!AX40=1,PER!$V$34,PER!AX80=1,PER!$V$35,PER!AX120=1,PER!$V$36,PER!AX160=1,PER!$V$37,PER!AX200=1,PER!$V$38,PER!AX240=1,PER!$V$39,PER!AX280=1,PER!$V$40,PER!AX320=1,PER!$V$41,PER!AX360=1,PER!$V$42,PER!AX400=1,PER!$V$43,PER!AX440=1,PER!$V$44,PER!AX480=1,PER!$V$45,PER!AX520=1,PER!$V$46,PER!AX560=1,PER!$V$47,PER!AX600=1,PER!$V$48)))} -> Bar | J9: {=IF(PER!AD59=0,"",IF((PER!AY40+PER!AY80+PER!AY120+PER!AY160+PER!AY200+PER!AY240+PER!AY280+PER!AY320+PER!AY360+PER!AY400+PER!AY440+PER!AY480+PER!AY520+PER!AY560+PER!AY600)=0,"",_xlfn.IFS(PER!AY40=1,PER!$V$34,PER!AY80=1,PER!$V$35,PER!AY120=1,PER!$V$36,PER!AY160=1,PER!$V$37,PER!AY200=1,PER!$V$38,PER!AY240=1,PER!$V$39,PER!AY280=1,PER!$V$40,PER!AY320=1,PER!$V$41,PER!AY360=1,PER!$V$42,PER!AY400=1,PER!$V$43,PER!AY440=1,PER!$V$44,PER!AY480=1,PER!$V$45,PER!AY520=1,PER!$V$46,PER!AY560=1,PER!$V$47,PER!AY600=1,PER!$V$48)))} -> Toilets | ... S9: {=IF(PER!AM59=0,"",IF((PER!BH40+PER!BH80+PER!BH120+PER!BH160+PER!BH200+PER!BH240+PER!BH280+PER!BH320+PER!BH360+PER!BH400+PER!BH440+PER!BH480+PER!BH520+PER!BH560+PER!BH600)=0,"",_xlfn.IFS(PER!BH40=1,PER!$V$34,PER!BH80=1,PER!$V$35,PER!BH120=1,PER!$V$36,PER!BH160=1,PER!$V$37,PER!BH200=1,PER!$V$38,PER!BH240=1,PER!$V$39,PER!BH280=1,PER!$V$40,PER!BH320=1,PER!$V$41,PER!BH360=1,PER!$V$42,PER!BH400=1,PER!$V$43,PER!BH440=1,PER!$V$44,PER!BH480=1,PER!$V$45,PER!BH520=1,PER!$V$46,PER!BH560=1,PER!$V$47,PER!BH600=1,PER!$V$48)))}
A10: 8 | B10: Joelle | C10: {=IF(PER!W60=0,"",IF((PER!AR41+PER!AR81+PER!AR121+PER!AR161+PER!AR201+PER!AR241+PER!AR281+PER!AR321+PER!AR361+PER!AR401+PER!AR441+PER!AR481+PER!AR521+PER!AR561+PER!AR601)=0,"",_xlfn.IFS(PER!AR41=1,PER!$V$34,PER!AR81=1,PER!$V$35,PER!AR121=1,PER!$V$36,PER!AR161=1,PER!$V$37,PER!AR201=1,PER!$V$38,PER!AR241=1,PER!$V$39,PER!AR281=1,PER!$V$40,PER!AR321=1,PER!$V$41,PER!AR361=1,PER!$V$42,PER!AR401=1,PER!$V$43,PER!AR441=1,PER!$V$44,PER!AR481=1,PER!$V$45,PER!AR521=1,PER!$V$46,PER!AR561=1,PER!$V$47,PER!AR601=1,PER!$V$48)))} | D10: {=IF(PER!X60=0,"",IF((PER!AS41+PER!AS81+PER!AS121+PER!AS161+PER!AS201+PER!AS241+PER!AS281+PER!AS321+PER!AS361+PER!AS401+PER!AS441+PER!AS481+PER!AS521+PER!AS561+PER!AS601)=0,"",_xlfn.IFS(PER!AS41=1,PER!$V$34,PER!AS81=1,PER!$V$35,PER!AS121=1,PER!$V$36,PER!AS161=1,PER!$V$37,PER!AS201=1,PER!$V$38,PER!AS241=1,PER!$V$39,PER!AS281=1,PER!$V$40,PER!AS321=1,PER!$V$41,PER!AS361=1,PER!$V$42,PER!AS401=1,PER!$V$43,PER!AS441=1,PER!$V$44,PER!AS481=1,PER!$V$45,PER!AS521=1,PER!$V$46,PER!AS561=1,PER!$V$47,PER!AS601=1,PER!$V$48)))} | E10: {=IF(PER!Y60=0,"",IF((PER!AT41+PER!AT81+PER!AT121+PER!AT161+PER!AT201+PER!AT241+PER!AT281+PER!AT321+PER!AT361+PER!AT401+PER!AT441+PER!AT481+PER!AT521+PER!AT561+PER!AT601)=0,"",_xlfn.IFS(PER!AT41=1,PER!$V$34,PER!AT81=1,PER!$V$35,PER!AT121=1,PER!$V$36,PER!AT161=1,PER!$V$37,PER!AT201=1,PER!$V$38,PER!AT241=1,PER!$V$39,PER!AT281=1,PER!$V$40,PER!AT321=1,PER!$V$41,PER!AT361=1,PER!$V$42,PER!AT401=1,PER!$V$43,PER!AT441=1,PER!$V$44,PER!AT481=1,PER!$V$45,PER!AT521=1,PER!$V$46,PER!AT561=1,PER!$V$47,PER!AT601=1,PER!$V$48)))} | F10: {=IF(PER!Z60=0,"",IF((PER!AU41+PER!AU81+PER!AU121+PER!AU161+PER!AU201+PER!AU241+PER!AU281+PER!AU321+PER!AU361+PER!AU401+PER!AU441+PER!AU481+PER!AU521+PER!AU561+PER!AU601)=0,"",_xlfn.IFS(PER!AU41=1,PER!$V$34,PER!AU81=1,PER!$V$35,PER!AU121=1,PER!$V$36,PER!AU161=1,PER!$V$37,PER!AU201=1,PER!$V$38,PER!AU241=1,PER!$V$39,PER!AU281=1,PER!$V$40,PER!AU321=1,PER!$V$41,PER!AU361=1,PER!$V$42,PER!AU401=1,PER!$V$43,PER!AU441=1,PER!$V$44,PER!AU481=1,PER!$V$45,PER!AU521=1,PER!$V$46,PER!AU561=1,PER!$V$47,PER!AU601=1,PER!$V$48)))} | G10: {=IF(PER!AA60=0,"",IF((PER!AV41+PER!AV81+PER!AV121+PER!AV161+PER!AV201+PER!AV241+PER!AV281+PER!AV321+PER!AV361+PER!AV401+PER!AV441+PER!AV481+PER!AV521+PER!AV561+PER!AV601)=0,"",_xlfn.IFS(PER!AV41=1,PER!$V$34,PER!AV81=1,PER!$V$35,PER!AV121=1,PER!$V$36,PER!AV161=1,PER!$V$37,PER!AV201=1,PER!$V$38,PER!AV241=1,PER!$V$39,PER!AV281=1,PER!$V$40,PER!AV321=1,PER!$V$41,PER!AV361=1,PER!$V$42,PER!AV401=1,PER!$V$43,PER!AV441=1,PER!$V$44,PER!AV481=1,PER!$V$45,PER!AV521=1,PER!$V$46,PER!AV561=1,PER!$V$47,PER!AV601=1,PER!$V$48)))} | H10: {=IF(PER!AB60=0,"",IF((PER!AW41+PER!AW81+PER!AW121+PER!AW161+PER!AW201+PER!AW241+PER!AW281+PER!AW321+PER!AW361+PER!AW401+PER!AW441+PER!AW481+PER!AW521+PER!AW561+PER!AW601)=0,"",_xlfn.IFS(PER!AW41=1,PER!$V$34,PER!AW81=1,PER!$V$35,PER!AW121=1,PER!$V$36,PER!AW161=1,PER!$V$37,PER!AW201=1,PER!$V$38,PER!AW241=1,PER!$V$39,PER!AW281=1,PER!$V$40,PER!AW321=1,PER!$V$41,PER!AW361=1,PER!$V$42,PER!AW401=1,PER!$V$43,PER!AW441=1,PER!$V$44,PER!AW481=1,PER!$V$45,PER!AW521=1,PER!$V$46,PER!AW561=1,PER!$V$47,PER!AW601=1,PER!$V$48)))} | I10: {=IF(PER!AC60=0,"",IF((PER!AX41+PER!AX81+PER!AX121+PER!AX161+PER!AX201+PER!AX241+PER!AX281+PER!AX321+PER!AX361+PER!AX401+PER!AX441+PER!AX481+PER!AX521+PER!AX561+PER!AX601)=0,"",_xlfn.IFS(PER!AX41=1,PER!$V$34,PER!AX81=1,PER!$V$35,PER!AX121=1,PER!$V$36,PER!AX161=1,PER!$V$37,PER!AX201=1,PER!$V$38,PER!AX241=1,PER!$V$39,PER!AX281=1,PER!$V$40,PER!AX321=1,PER!$V$41,PER!AX361=1,PER!$V$42,PER!AX401=1,PER!$V$43,PER!AX441=1,PER!$V$44,PER!AX481=1,PER!$V$45,PER!AX521=1,PER!$V$46,PER!AX561=1,PER!$V$47,PER!AX601=1,PER!$V$48)))} | J10: {=IF(PER!AD60=0,"",IF((PER!AY41+PER!AY81+PER!AY121+PER!AY161+PER!AY201+PER!AY241+PER!AY281+PER!AY321+PER!AY361+PER!AY401+PER!AY441+PER!AY481+PER!AY521+PER!AY561+PER!AY601)=0,"",_xlfn.IFS(PER!AY41=1,PER!$V$34,PER!AY81=1,PER!$V$35,PER!AY121=1,PER!$V$36,PER!AY161=1,PER!$V$37,PER!AY201=1,PER!$V$38,PER!AY241=1,PER!$V$39,PER!AY281=1,PER!$V$40,PER!AY321=1,PER!$V$41,PER!AY361=1,PER!$V$42,PER!AY401=1,PER!$V$43,PER!AY441=1,PER!$V$44,PER!AY481=1,PER!$V$45,PER!AY521=1,PER!$V$46,PER!AY561=1,PER!$V$47,PER!AY601=1,PER!$V$48)))} | ... S10: {=IF(PER!AM60=0,"",IF((PER!BH41+PER!BH81+PER!BH121+PER!BH161+PER!BH201+PER!BH241+PER!BH281+PER!BH321+PER!BH361+PER!BH401+PER!BH441+PER!BH481+PER!BH521+PER!BH561+PER!BH601)=0,"",_xlfn.IFS(PER!BH41=1,PER!$V$34,PER!BH81=1,PER!$V$35,PER!BH121=1,PER!$V$36,PER!BH161=1,PER!$V$37,PER!BH201=1,PER!$V$38,PER!BH241=1,PER!$V$39,PER!BH281=1,PER!$V$40,PER!BH321=1,PER!$V$41,PER!BH361=1,PER!$V$42,PER!BH401=1,PER!$V$43,PER!BH441=1,PER!$V$44,PER!BH481=1,PER!$V$45,PER!BH521=1,PER!$V$46,PER!BH561=1,PER!$V$47,PER!BH601=1,PER!$V$48)))}
A11: 9 | B11: Alexia | C11: {=IF(PER!W61=0,"",IF((PER!AR42+PER!AR82+PER!AR122+PER!AR162+PER!AR202+PER!AR242+PER!AR282+PER!AR322+PER!AR362+PER!AR402+PER!AR442+PER!AR482+PER!AR522+PER!AR562+PER!AR602)=0,"",_xlfn.IFS(PER!AR42=1,PER!$V$34,PER!AR82=1,PER!$V$35,PER!AR122=1,PER!$V$36,PER!AR162=1,PER!$V$37,PER!AR202=1,PER!$V$38,PER!AR242=1,PER!$V$39,PER!AR282=1,PER!$V$40,PER!AR322=1,PER!$V$41,PER!AR362=1,PER!$V$42,PER!AR402=1,PER!$V$43,PER!AR442=1,PER!$V$44,PER!AR482=1,PER!$V$45,PER!AR522=1,PER!$V$46,PER!AR562=1,PER!$V$47,PER!AR602=1,PER!$V$48)))} | D11: {=IF(PER!X61=0,"",IF((PER!AS42+PER!AS82+PER!AS122+PER!AS162+PER!AS202+PER!AS242+PER!AS282+PER!AS322+PER!AS362+PER!AS402+PER!AS442+PER!AS482+PER!AS522+PER!AS562+PER!AS602)=0,"",_xlfn.IFS(PER!AS42=1,PER!$V$34,PER!AS82=1,PER!$V$35,PER!AS122=1,PER!$V$36,PER!AS162=1,PER!$V$37,PER!AS202=1,PER!$V$38,PER!AS242=1,PER!$V$39,PER!AS282=1,PER!$V$40,PER!AS322=1,PER!$V$41,PER!AS362=1,PER!$V$42,PER!AS402=1,PER!$V$43,PER!AS442=1,PER!$V$44,PER!AS482=1,PER!$V$45,PER!AS522=1,PER!$V$46,PER!AS562=1,PER!$V$47,PER!AS602=1,PER!$V$48)))} | E11: {=IF(PER!Y61=0,"",IF((PER!AT42+PER!AT82+PER!AT122+PER!AT162+PER!AT202+PER!AT242+PER!AT282+PER!AT322+PER!AT362+PER!AT402+PER!AT442+PER!AT482+PER!AT522+PER!AT562+PER!AT602)=0,"",_xlfn.IFS(PER!AT42=1,PER!$V$34,PER!AT82=1,PER!$V$35,PER!AT122=1,PER!$V$36,PER!AT162=1,PER!$V$37,PER!AT202=1,PER!$V$38,PER!AT242=1,PER!$V$39,PER!AT282=1,PER!$V$40,PER!AT322=1,PER!$V$41,PER!AT362=1,PER!$V$42,PER!AT402=1,PER!$V$43,PER!AT442=1,PER!$V$44,PER!AT482=1,PER!$V$45,PER!AT522=1,PER!$V$46,PER!AT562=1,PER!$V$47,PER!AT602=1,PER!$V$48)))} | F11: {=IF(PER!Z61=0,"",IF((PER!AU42+PER!AU82+PER!AU122+PER!AU162+PER!AU202+PER!AU242+PER!AU282+PER!AU322+PER!AU362+PER!AU402+PER!AU442+PER!AU482+PER!AU522+PER!AU562+PER!AU602)=0,"",_xlfn.IFS(PER!AU42=1,PER!$V$34,PER!AU82=1,PER!$V$35,PER!AU122=1,PER!$V$36,PER!AU162=1,PER!$V$37,PER!AU202=1,PER!$V$38,PER!AU242=1,PER!$V$39,PER!AU282=1,PER!$V$40,PER!AU322=1,PER!$V$41,PER!AU362=1,PER!$V$42,PER!AU402=1,PER!$V$43,PER!AU442=1,PER!$V$44,PER!AU482=1,PER!$V$45,PER!AU522=1,PER!$V$46,PER!AU562=1,PER!$V$47,PER!AU602=1,PER!$V$48)))} | G11: {=IF(PER!AA61=0,"",IF((PER!AV42+PER!AV82+PER!AV122+PER!AV162+PER!AV202+PER!AV242+PER!AV282+PER!AV322+PER!AV362+PER!AV402+PER!AV442+PER!AV482+PER!AV522+PER!AV562+PER!AV602)=0,"",_xlfn.IFS(PER!AV42=1,PER!$V$34,PER!AV82=1,PER!$V$35,PER!AV122=1,PER!$V$36,PER!AV162=1,PER!$V$37,PER!AV202=1,PER!$V$38,PER!AV242=1,PER!$V$39,PER!AV282=1,PER!$V$40,PER!AV322=1,PER!$V$41,PER!AV362=1,PER!$V$42,PER!AV402=1,PER!$V$43,PER!AV442=1,PER!$V$44,PER!AV482=1,PER!$V$45,PER!AV522=1,PER!$V$46,PER!AV562=1,PER!$V$47,PER!AV602=1,PER!$V$48)))} | H11: {=IF(PER!AB61=0,"",IF((PER!AW42+PER!AW82+PER!AW122+PER!AW162+PER!AW202+PER!AW242+PER!AW282+PER!AW322+PER!AW362+PER!AW402+PER!AW442+PER!AW482+PER!AW522+PER!AW562+PER!AW602)=0,"",_xlfn.IFS(PER!AW42=1,PER!$V$34,PER!AW82=1,PER!$V$35,PER!AW122=1,PER!$V$36,PER!AW162=1,PER!$V$37,PER!AW202=1,PER!$V$38,PER!AW242=1,PER!$V$39,PER!AW282=1,PER!$V$40,PER!AW322=1,PER!$V$41,PER!AW362=1,PER!$V$42,PER!AW402=1,PER!$V$43,PER!AW442=1,PER!$V$44,PER!AW482=1,PER!$V$45,PER!AW522=1,PER!$V$46,PER!AW562=1,PER!$V$47,PER!AW602=1,PER!$V$48)))} | I11: {=IF(PER!AC61=0,"",IF((PER!AX42+PER!AX82+PER!AX122+PER!AX162+PER!AX202+PER!AX242+PER!AX282+PER!AX322+PER!AX362+PER!AX402+PER!AX442+PER!AX482+PER!AX522+PER!AX562+PER!AX602)=0,"",_xlfn.IFS(PER!AX42=1,PER!$V$34,PER!AX82=1,PER!$V$35,PER!AX122=1,PER!$V$36,PER!AX162=1,PER!$V$37,PER!AX202=1,PER!$V$38,PER!AX242=1,PER!$V$39,PER!AX282=1,PER!$V$40,PER!AX322=1,PER!$V$41,PER!AX362=1,PER!$V$42,PER!AX402=1,PER!$V$43,PER!AX442=1,PER!$V$44,PER!AX482=1,PER!$V$45,PER!AX522=1,PER!$V$46,PER!AX562=1,PER!$V$47,PER!AX602=1,PER!$V$48)))} | J11: {=IF(PER!AD61=0,"",IF((PER!AY42+PER!AY82+PER!AY122+PER!AY162+PER!AY202+PER!AY242+PER!AY282+PER!AY322+PER!AY362+PER!AY402+PER!AY442+PER!AY482+PER!AY522+PER!AY562+PER!AY602)=0,"",_xlfn.IFS(PER!AY42=1,PER!$V$34,PER!AY82=1,PER!$V$35,PER!AY122=1,PER!$V$36,PER!AY162=1,PER!$V$37,PER!AY202=1,PER!$V$38,PER!AY242=1,PER!$V$39,PER!AY282=1,PER!$V$40,PER!AY322=1,PER!$V$41,PER!AY362=1,PER!$V$42,PER!AY402=1,PER!$V$43,PER!AY442=1,PER!$V$44,PER!AY482=1,PER!$V$45,PER!AY522=1,PER!$V$46,PER!AY562=1,PER!$V$47,PER!AY602=1,PER!$V$48)))} | ... S11: {=IF(PER!AM61=0,"",IF((PER!BH42+PER!BH82+PER!BH122+PER!BH162+PER!BH202+PER!BH242+PER!BH282+PER!BH322+PER!BH362+PER!BH402+PER!BH442+PER!BH482+PER!BH522+PER!BH562+PER!BH602)=0,"",_xlfn.IFS(PER!BH42=1,PER!$V$34,PER!BH82=1,PER!$V$35,PER!BH122=1,PER!$V$36,PER!BH162=1,PER!$V$37,PER!BH202=1,PER!$V$38,PER!BH242=1,PER!$V$39,PER!BH282=1,PER!$V$40,PER!BH322=1,PER!$V$41,PER!BH362=1,PER!$V$42,PER!BH402=1,PER!$V$43,PER!BH442=1,PER!$V$44,PER!BH482=1,PER!$V$45,PER!BH522=1,PER!$V$46,PER!BH562=1,PER!$V$47,PER!BH602=1,PER!$V$48)))}
A12: 10 | B12: Joao | C12: {=IF(PER!W62=0,"",IF((PER!AR43+PER!AR83+PER!AR123+PER!AR163+PER!AR203+PER!AR243+PER!AR283+PER!AR323+PER!AR363+PER!AR403+PER!AR443+PER!AR483+PER!AR523+PER!AR563+PER!AR603)=0,"",_xlfn.IFS(PER!AR43=1,PER!$V$34,PER!AR83=1,PER!$V$35,PER!AR123=1,PER!$V$36,PER!AR163=1,PER!$V$37,PER!AR203=1,PER!$V$38,PER!AR243=1,PER!$V$39,PER!AR283=1,PER!$V$40,PER!AR323=1,PER!$V$41,PER!AR363=1,PER!$V$42,PER!AR403=1,PER!$V$43,PER!AR443=1,PER!$V$44,PER!AR483=1,PER!$V$45,PER!AR523=1,PER!$V$46,PER!AR563=1,PER!$V$47,PER!AR603=1,PER!$V$48)))} | D12: {=IF(PER!X62=0,"",IF((PER!AS43+PER!AS83+PER!AS123+PER!AS163+PER!AS203+PER!AS243+PER!AS283+PER!AS323+PER!AS363+PER!AS403+PER!AS443+PER!AS483+PER!AS523+PER!AS563+PER!AS603)=0,"",_xlfn.IFS(PER!AS43=1,PER!$V$34,PER!AS83=1,PER!$V$35,PER!AS123=1,PER!$V$36,PER!AS163=1,PER!$V$37,PER!AS203=1,PER!$V$38,PER!AS243=1,PER!$V$39,PER!AS283=1,PER!$V$40,PER!AS323=1,PER!$V$41,PER!AS363=1,PER!$V$42,PER!AS403=1,PER!$V$43,PER!AS443=1,PER!$V$44,PER!AS483=1,PER!$V$45,PER!AS523=1,PER!$V$46,PER!AS563=1,PER!$V$47,PER!AS603=1,PER!$V$48)))} | E12: {=IF(PER!Y62=0,"",IF((PER!AT43+PER!AT83+PER!AT123+PER!AT163+PER!AT203+PER!AT243+PER!AT283+PER!AT323+PER!AT363+PER!AT403+PER!AT443+PER!AT483+PER!AT523+PER!AT563+PER!AT603)=0,"",_xlfn.IFS(PER!AT43=1,PER!$V$34,PER!AT83=1,PER!$V$35,PER!AT123=1,PER!$V$36,PER!AT163=1,PER!$V$37,PER!AT203=1,PER!$V$38,PER!AT243=1,PER!$V$39,PER!AT283=1,PER!$V$40,PER!AT323=1,PER!$V$41,PER!AT363=1,PER!$V$42,PER!AT403=1,PER!$V$43,PER!AT443=1,PER!$V$44,PER!AT483=1,PER!$V$45,PER!AT523=1,PER!$V$46,PER!AT563=1,PER!$V$47,PER!AT603=1,PER!$V$48)))} | F12: {=IF(PER!Z62=0,"",IF((PER!AU43+PER!AU83+PER!AU123+PER!AU163+PER!AU203+PER!AU243+PER!AU283+PER!AU323+PER!AU363+PER!AU403+PER!AU443+PER!AU483+PER!AU523+PER!AU563+PER!AU603)=0,"",_xlfn.IFS(PER!AU43=1,PER!$V$34,PER!AU83=1,PER!$V$35,PER!AU123=1,PER!$V$36,PER!AU163=1,PER!$V$37,PER!AU203=1,PER!$V$38,PER!AU243=1,PER!$V$39,PER!AU283=1,PER!$V$40,PER!AU323=1,PER!$V$41,PER!AU363=1,PER!$V$42,PER!AU403=1,PER!$V$43,PER!AU443=1,PER!$V$44,PER!AU483=1,PER!$V$45,PER!AU523=1,PER!$V$46,PER!AU563=1,PER!$V$47,PER!AU603=1,PER!$V$48)))} | G12: {=IF(PER!AA62=0,"",IF((PER!AV43+PER!AV83+PER!AV123+PER!AV163+PER!AV203+PER!AV243+PER!AV283+PER!AV323+PER!AV363+PER!AV403+PER!AV443+PER!AV483+PER!AV523+PER!AV563+PER!AV603)=0,"",_xlfn.IFS(PER!AV43=1,PER!$V$34,PER!AV83=1,PER!$V$35,PER!AV123=1,PER!$V$36,PER!AV163=1,PER!$V$37,PER!AV203=1,PER!$V$38,PER!AV243=1,PER!$V$39,PER!AV283=1,PER!$V$40,PER!AV323=1,PER!$V$41,PER!AV363=1,PER!$V$42,PER!AV403=1,PER!$V$43,PER!AV443=1,PER!$V$44,PER!AV483=1,PER!$V$45,PER!AV523=1,PER!$V$46,PER!AV563=1,PER!$V$47,PER!AV603=1,PER!$V$48)))} | H12: {=IF(PER!AB62=0,"",IF((PER!AW43+PER!AW83+PER!AW123+PER!AW163+PER!AW203+PER!AW243+PER!AW283+PER!AW323+PER!AW363+PER!AW403+PER!AW443+PER!AW483+PER!AW523+PER!AW563+PER!AW603)=0,"",_xlfn.IFS(PER!AW43=1,PER!$V$34,PER!AW83=1,PER!$V$35,PER!AW123=1,PER!$V$36,PER!AW163=1,PER!$V$37,PER!AW203=1,PER!$V$38,PER!AW243=1,PER!$V$39,PER!AW283=1,PER!$V$40,PER!AW323=1,PER!$V$41,PER!AW363=1,PER!$V$42,PER!AW403=1,PER!$V$43,PER!AW443=1,PER!$V$44,PER!AW483=1,PER!$V$45,PER!AW523=1,PER!$V$46,PER!AW563=1,PER!$V$47,PER!AW603=1,PER!$V$48)))} | I12: {=IF(PER!AC62=0,"",IF((PER!AX43+PER!AX83+PER!AX123+PER!AX163+PER!AX203+PER!AX243+PER!AX283+PER!AX323+PER!AX363+PER!AX403+PER!AX443+PER!AX483+PER!AX523+PER!AX563+PER!AX603)=0,"",_xlfn.IFS(PER!AX43=1,PER!$V$34,PER!AX83=1,PER!$V$35,PER!AX123=1,PER!$V$36,PER!AX163=1,PER!$V$37,PER!AX203=1,PER!$V$38,PER!AX243=1,PER!$V$39,PER!AX283=1,PER!$V$40,PER!AX323=1,PER!$V$41,PER!AX363=1,PER!$V$42,PER!AX403=1,PER!$V$43,PER!AX443=1,PER!$V$44,PER!AX483=1,PER!$V$45,PER!AX523=1,PER!$V$46,PER!AX563=1,PER!$V$47,PER!AX603=1,PER!$V$48)))} | J12: {=IF(PER!AD62=0,"",IF((PER!AY43+PER!AY83+PER!AY123+PER!AY163+PER!AY203+PER!AY243+PER!AY283+PER!AY323+PER!AY363+PER!AY403+PER!AY443+PER!AY483+PER!AY523+PER!AY563+PER!AY603)=0,"",_xlfn.IFS(PER!AY43=1,PER!$V$34,PER!AY83=1,PER!$V$35,PER!AY123=1,PER!$V$36,PER!AY163=1,PER!$V$37,PER!AY203=1,PER!$V$38,PER!AY243=1,PER!$V$39,PER!AY283=1,PER!$V$40,PER!AY323=1,PER!$V$41,PER!AY363=1,PER!$V$42,PER!AY403=1,PER!$V$43,PER!AY443=1,PER!$V$44,PER!AY483=1,PER!$V$45,PER!AY523=1,PER!$V$46,PER!AY563=1,PER!$V$47,PER!AY603=1,PER!$V$48)))} | ... S12: {=IF(PER!AM62=0,"",IF((PER!BH43+PER!BH83+PER!BH123+PER!BH163+PER!BH203+PER!BH243+PER!BH283+PER!BH323+PER!BH363+PER!BH403+PER!BH443+PER!BH483+PER!BH523+PER!BH563+PER!BH603)=0,"",_xlfn.IFS(PER!BH43=1,PER!$V$34,PER!BH83=1,PER!$V$35,PER!BH123=1,PER!$V$36,PER!BH163=1,PER!$V$37,PER!BH203=1,PER!$V$38,PER!BH243=1,PER!$V$39,PER!BH283=1,PER!$V$40,PER!BH323=1,PER!$V$41,PER!BH363=1,PER!$V$42,PER!BH403=1,PER!$V$43,PER!BH443=1,PER!$V$44,PER!BH483=1,PER!$V$45,PER!BH523=1,PER!$V$46,PER!BH563=1,PER!$V$47,PER!BH603=1,PER!$V$48)))}
A13: 11 | B13: Maxime | C13: {=IF(PER!W63=0,"",IF((PER!AR44+PER!AR84+PER!AR124+PER!AR164+PER!AR204+PER!AR244+PER!AR284+PER!AR324+PER!AR364+PER!AR404+PER!AR444+PER!AR484+PER!AR524+PER!AR564+PER!AR604)=0,"",_xlfn.IFS(PER!AR44=1,PER!$V$34,PER!AR84=1,PER!$V$35,PER!AR124=1,PER!$V$36,PER!AR164=1,PER!$V$37,PER!AR204=1,PER!$V$38,PER!AR244=1,PER!$V$39,PER!AR284=1,PER!$V$40,PER!AR324=1,PER!$V$41,PER!AR364=1,PER!$V$42,PER!AR404=1,PER!$V$43,PER!AR444=1,PER!$V$44,PER!AR484=1,PER!$V$45,PER!AR524=1,PER!$V$46,PER!AR564=1,PER!$V$47,PER!AR604=1,PER!$V$48)))} | D13: {=IF(PER!X63=0,"",IF((PER!AS44+PER!AS84+PER!AS124+PER!AS164+PER!AS204+PER!AS244+PER!AS284+PER!AS324+PER!AS364+PER!AS404+PER!AS444+PER!AS484+PER!AS524+PER!AS564+PER!AS604)=0,"",_xlfn.IFS(PER!AS44=1,PER!$V$34,PER!AS84=1,PER!$V$35,PER!AS124=1,PER!$V$36,PER!AS164=1,PER!$V$37,PER!AS204=1,PER!$V$38,PER!AS244=1,PER!$V$39,PER!AS284=1,PER!$V$40,PER!AS324=1,PER!$V$41,PER!AS364=1,PER!$V$42,PER!AS404=1,PER!$V$43,PER!AS444=1,PER!$V$44,PER!AS484=1,PER!$V$45,PER!AS524=1,PER!$V$46,PER!AS564=1,PER!$V$47,PER!AS604=1,PER!$V$48)))} | E13: {=IF(PER!Y63=0,"",IF((PER!AT44+PER!AT84+PER!AT124+PER!AT164+PER!AT204+PER!AT244+PER!AT284+PER!AT324+PER!AT364+PER!AT404+PER!AT444+PER!AT484+PER!AT524+PER!AT564+PER!AT604)=0,"",_xlfn.IFS(PER!AT44=1,PER!$V$34,PER!AT84=1,PER!$V$35,PER!AT124=1,PER!$V$36,PER!AT164=1,PER!$V$37,PER!AT204=1,PER!$V$38,PER!AT244=1,PER!$V$39,PER!AT284=1,PER!$V$40,PER!AT324=1,PER!$V$41,PER!AT364=1,PER!$V$42,PER!AT404=1,PER!$V$43,PER!AT444=1,PER!$V$44,PER!AT484=1,PER!$V$45,PER!AT524=1,PER!$V$46,PER!AT564=1,PER!$V$47,PER!AT604=1,PER!$V$48)))} | F13: {=IF(PER!Z63=0,"",IF((PER!AU44+PER!AU84+PER!AU124+PER!AU164+PER!AU204+PER!AU244+PER!AU284+PER!AU324+PER!AU364+PER!AU404+PER!AU444+PER!AU484+PER!AU524+PER!AU564+PER!AU604)=0,"",_xlfn.IFS(PER!AU44=1,PER!$V$34,PER!AU84=1,PER!$V$35,PER!AU124=1,PER!$V$36,PER!AU164=1,PER!$V$37,PER!AU204=1,PER!$V$38,PER!AU244=1,PER!$V$39,PER!AU284=1,PER!$V$40,PER!AU324=1,PER!$V$41,PER!AU364=1,PER!$V$42,PER!AU404=1,PER!$V$43,PER!AU444=1,PER!$V$44,PER!AU484=1,PER!$V$45,PER!AU524=1,PER!$V$46,PER!AU564=1,PER!$V$47,PER!AU604=1,PER!$V$48)))} | G13: {=IF(PER!AA63=0,"",IF((PER!AV44+PER!AV84+PER!AV124+PER!AV164+PER!AV204+PER!AV244+PER!AV284+PER!AV324+PER!AV364+PER!AV404+PER!AV444+PER!AV484+PER!AV524+PER!AV564+PER!AV604)=0,"",_xlfn.IFS(PER!AV44=1,PER!$V$34,PER!AV84=1,PER!$V$35,PER!AV124=1,PER!$V$36,PER!AV164=1,PER!$V$37,PER!AV204=1,PER!$V$38,PER!AV244=1,PER!$V$39,PER!AV284=1,PER!$V$40,PER!AV324=1,PER!$V$41,PER!AV364=1,PER!$V$42,PER!AV404=1,PER!$V$43,PER!AV444=1,PER!$V$44,PER!AV484=1,PER!$V$45,PER!AV524=1,PER!$V$46,PER!AV564=1,PER!$V$47,PER!AV604=1,PER!$V$48)))} | H13: {=IF(PER!AB63=0,"",IF((PER!AW44+PER!AW84+PER!AW124+PER!AW164+PER!AW204+PER!AW244+PER!AW284+PER!AW324+PER!AW364+PER!AW404+PER!AW444+PER!AW484+PER!AW524+PER!AW564+PER!AW604)=0,"",_xlfn.IFS(PER!AW44=1,PER!$V$34,PER!AW84=1,PER!$V$35,PER!AW124=1,PER!$V$36,PER!AW164=1,PER!$V$37,PER!AW204=1,PER!$V$38,PER!AW244=1,PER!$V$39,PER!AW284=1,PER!$V$40,PER!AW324=1,PER!$V$41,PER!AW364=1,PER!$V$42,PER!AW404=1,PER!$V$43,PER!AW444=1,PER!$V$44,PER!AW484=1,PER!$V$45,PER!AW524=1,PER!$V$46,PER!AW564=1,PER!$V$47,PER!AW604=1,PER!$V$48)))} | I13: {=IF(PER!AC63=0,"",IF((PER!AX44+PER!AX84+PER!AX124+PER!AX164+PER!AX204+PER!AX244+PER!AX284+PER!AX324+PER!AX364+PER!AX404+PER!AX444+PER!AX484+PER!AX524+PER!AX564+PER!AX604)=0,"",_xlfn.IFS(PER!AX44=1,PER!$V$34,PER!AX84=1,PER!$V$35,PER!AX124=1,PER!$V$36,PER!AX164=1,PER!$V$37,PER!AX204=1,PER!$V$38,PER!AX244=1,PER!$V$39,PER!AX284=1,PER!$V$40,PER!AX324=1,PER!$V$41,PER!AX364=1,PER!$V$42,PER!AX404=1,PER!$V$43,PER!AX444=1,PER!$V$44,PER!AX484=1,PER!$V$45,PER!AX524=1,PER!$V$46,PER!AX564=1,PER!$V$47,PER!AX604=1,PER!$V$48)))} | J13: {=IF(PER!AD63=0,"",IF((PER!AY44+PER!AY84+PER!AY124+PER!AY164+PER!AY204+PER!AY244+PER!AY284+PER!AY324+PER!AY364+PER!AY404+PER!AY444+PER!AY484+PER!AY524+PER!AY564+PER!AY604)=0,"",_xlfn.IFS(PER!AY44=1,PER!$V$34,PER!AY84=1,PER!$V$35,PER!AY124=1,PER!$V$36,PER!AY164=1,PER!$V$37,PER!AY204=1,PER!$V$38,PER!AY244=1,PER!$V$39,PER!AY284=1,PER!$V$40,PER!AY324=1,PER!$V$41,PER!AY364=1,PER!$V$42,PER!AY404=1,PER!$V$43,PER!AY444=1,PER!$V$44,PER!AY484=1,PER!$V$45,PER!AY524=1,PER!$V$46,PER!AY564=1,PER!$V$47,PER!AY604=1,PER!$V$48)))} | ... S13: {=IF(PER!AM63=0,"",IF((PER!BH44+PER!BH84+PER!BH124+PER!BH164+PER!BH204+PER!BH244+PER!BH284+PER!BH324+PER!BH364+PER!BH404+PER!BH444+PER!BH484+PER!BH524+PER!BH564+PER!BH604)=0,"",_xlfn.IFS(PER!BH44=1,PER!$V$34,PER!BH84=1,PER!$V$35,PER!BH124=1,PER!$V$36,PER!BH164=1,PER!$V$37,PER!BH204=1,PER!$V$38,PER!BH244=1,PER!$V$39,PER!BH284=1,PER!$V$40,PER!BH324=1,PER!$V$41,PER!BH364=1,PER!$V$42,PER!BH404=1,PER!$V$43,PER!BH444=1,PER!$V$44,PER!BH484=1,PER!$V$45,PER!BH524=1,PER!$V$46,PER!BH564=1,PER!$V$47,PER!BH604=1,PER!$V$48)))}
A14: 12 | B14: Alex | C14: {=IF(PER!W64=0,"",IF((PER!AR45+PER!AR85+PER!AR125+PER!AR165+PER!AR205+PER!AR245+PER!AR285+PER!AR325+PER!AR365+PER!AR405+PER!AR445+PER!AR485+PER!AR525+PER!AR565+PER!AR605)=0,"",_xlfn.IFS(PER!AR45=1,PER!$V$34,PER!AR85=1,PER!$V$35,PER!AR125=1,PER!$V$36,PER!AR165=1,PER!$V$37,PER!AR205=1,PER!$V$38,PER!AR245=1,PER!$V$39,PER!AR285=1,PER!$V$40,PER!AR325=1,PER!$V$41,PER!AR365=1,PER!$V$42,PER!AR405=1,PER!$V$43,PER!AR445=1,PER!$V$44,PER!AR485=1,PER!$V$45,PER!AR525=1,PER!$V$46,PER!AR565=1,PER!$V$47,PER!AR605=1,PER!$V$48)))} | D14: {=IF(PER!X64=0,"",IF((PER!AS45+PER!AS85+PER!AS125+PER!AS165+PER!AS205+PER!AS245+PER!AS285+PER!AS325+PER!AS365+PER!AS405+PER!AS445+PER!AS485+PER!AS525+PER!AS565+PER!AS605)=0,"",_xlfn.IFS(PER!AS45=1,PER!$V$34,PER!AS85=1,PER!$V$35,PER!AS125=1,PER!$V$36,PER!AS165=1,PER!$V$37,PER!AS205=1,PER!$V$38,PER!AS245=1,PER!$V$39,PER!AS285=1,PER!$V$40,PER!AS325=1,PER!$V$41,PER!AS365=1,PER!$V$42,PER!AS405=1,PER!$V$43,PER!AS445=1,PER!$V$44,PER!AS485=1,PER!$V$45,PER!AS525=1,PER!$V$46,PER!AS565=1,PER!$V$47,PER!AS605=1,PER!$V$48)))} | E14: {=IF(PER!Y64=0,"",IF((PER!AT45+PER!AT85+PER!AT125+PER!AT165+PER!AT205+PER!AT245+PER!AT285+PER!AT325+PER!AT365+PER!AT405+PER!AT445+PER!AT485+PER!AT525+PER!AT565+PER!AT605)=0,"",_xlfn.IFS(PER!AT45=1,PER!$V$34,PER!AT85=1,PER!$V$35,PER!AT125=1,PER!$V$36,PER!AT165=1,PER!$V$37,PER!AT205=1,PER!$V$38,PER!AT245=1,PER!$V$39,PER!AT285=1,PER!$V$40,PER!AT325=1,PER!$V$41,PER!AT365=1,PER!$V$42,PER!AT405=1,PER!$V$43,PER!AT445=1,PER!$V$44,PER!AT485=1,PER!$V$45,PER!AT525=1,PER!$V$46,PER!AT565=1,PER!$V$47,PER!AT605=1,PER!$V$48)))} | F14: {=IF(PER!Z64=0,"",IF((PER!AU45+PER!AU85+PER!AU125+PER!AU165+PER!AU205+PER!AU245+PER!AU285+PER!AU325+PER!AU365+PER!AU405+PER!AU445+PER!AU485+PER!AU525+PER!AU565+PER!AU605)=0,"",_xlfn.IFS(PER!AU45=1,PER!$V$34,PER!AU85=1,PER!$V$35,PER!AU125=1,PER!$V$36,PER!AU165=1,PER!$V$37,PER!AU205=1,PER!$V$38,PER!AU245=1,PER!$V$39,PER!AU285=1,PER!$V$40,PER!AU325=1,PER!$V$41,PER!AU365=1,PER!$V$42,PER!AU405=1,PER!$V$43,PER!AU445=1,PER!$V$44,PER!AU485=1,PER!$V$45,PER!AU525=1,PER!$V$46,PER!AU565=1,PER!$V$47,PER!AU605=1,PER!$V$48)))} | G14: {=IF(PER!AA64=0,"",IF((PER!AV45+PER!AV85+PER!AV125+PER!AV165+PER!AV205+PER!AV245+PER!AV285+PER!AV325+PER!AV365+PER!AV405+PER!AV445+PER!AV485+PER!AV525+PER!AV565+PER!AV605)=0,"",_xlfn.IFS(PER!AV45=1,PER!$V$34,PER!AV85=1,PER!$V$35,PER!AV125=1,PER!$V$36,PER!AV165=1,PER!$V$37,PER!AV205=1,PER!$V$38,PER!AV245=1,PER!$V$39,PER!AV285=1,PER!$V$40,PER!AV325=1,PER!$V$41,PER!AV365=1,PER!$V$42,PER!AV405=1,PER!$V$43,PER!AV445=1,PER!$V$44,PER!AV485=1,PER!$V$45,PER!AV525=1,PER!$V$46,PER!AV565=1,PER!$V$47,PER!AV605=1,PER!$V$48)))} | H14: {=IF(PER!AB64=0,"",IF((PER!AW45+PER!AW85+PER!AW125+PER!AW165+PER!AW205+PER!AW245+PER!AW285+PER!AW325+PER!AW365+PER!AW405+PER!AW445+PER!AW485+PER!AW525+PER!AW565+PER!AW605)=0,"",_xlfn.IFS(PER!AW45=1,PER!$V$34,PER!AW85=1,PER!$V$35,PER!AW125=1,PER!$V$36,PER!AW165=1,PER!$V$37,PER!AW205=1,PER!$V$38,PER!AW245=1,PER!$V$39,PER!AW285=1,PER!$V$40,PER!AW325=1,PER!$V$41,PER!AW365=1,PER!$V$42,PER!AW405=1,PER!$V$43,PER!AW445=1,PER!$V$44,PER!AW485=1,PER!$V$45,PER!AW525=1,PER!$V$46,PER!AW565=1,PER!$V$47,PER!AW605=1,PER!$V$48)))} | I14: {=IF(PER!AC64=0,"",IF((PER!AX45+PER!AX85+PER!AX125+PER!AX165+PER!AX205+PER!AX245+PER!AX285+PER!AX325+PER!AX365+PER!AX405+PER!AX445+PER!AX485+PER!AX525+PER!AX565+PER!AX605)=0,"",_xlfn.IFS(PER!AX45=1,PER!$V$34,PER!AX85=1,PER!$V$35,PER!AX125=1,PER!$V$36,PER!AX165=1,PER!$V$37,PER!AX205=1,PER!$V$38,PER!AX245=1,PER!$V$39,PER!AX285=1,PER!$V$40,PER!AX325=1,PER!$V$41,PER!AX365=1,PER!$V$42,PER!AX405=1,PER!$V$43,PER!AX445=1,PER!$V$44,PER!AX485=1,PER!$V$45,PER!AX525=1,PER!$V$46,PER!AX565=1,PER!$V$47,PER!AX605=1,PER!$V$48)))} | J14: {=IF(PER!AD64=0,"",IF((PER!AY45+PER!AY85+PER!AY125+PER!AY165+PER!AY205+PER!AY245+PER!AY285+PER!AY325+PER!AY365+PER!AY405+PER!AY445+PER!AY485+PER!AY525+PER!AY565+PER!AY605)=0,"",_xlfn.IFS(PER!AY45=1,PER!$V$34,PER!AY85=1,PER!$V$35,PER!AY125=1,PER!$V$36,PER!AY165=1,PER!$V$37,PER!AY205=1,PER!$V$38,PER!AY245=1,PER!$V$39,PER!AY285=1,PER!$V$40,PER!AY325=1,PER!$V$41,PER!AY365=1,PER!$V$42,PER!AY405=1,PER!$V$43,PER!AY445=1,PER!$V$44,PER!AY485=1,PER!$V$45,PER!AY525=1,PER!$V$46,PER!AY565=1,PER!$V$47,PER!AY605=1,PER!$V$48)))} | ... S14: {=IF(PER!AM64=0,"",IF((PER!BH45+PER!BH85+PER!BH125+PER!BH165+PER!BH205+PER!BH245+PER!BH285+PER!BH325+PER!BH365+PER!BH405+PER!BH445+PER!BH485+PER!BH525+PER!BH565+PER!BH605)=0,"",_xlfn.IFS(PER!BH45=1,PER!$V$34,PER!BH85=1,PER!$V$35,PER!BH125=1,PER!$V$36,PER!BH165=1,PER!$V$37,PER!BH205=1,PER!$V$38,PER!BH245=1,PER!$V$39,PER!BH285=1,PER!$V$40,PER!BH325=1,PER!$V$41,PER!BH365=1,PER!$V$42,PER!BH405=1,PER!$V$43,PER!BH445=1,PER!$V$44,PER!BH485=1,PER!$V$45,PER!BH525=1,PER!$V$46,PER!BH565=1,PER!$V$47,PER!BH605=1,PER!$V$48)))}
... A42: 40 | B42: - | C42: {=IF(PER!W92=0,"",IF((PER!AR73+PER!AR113+PER!AR153+PER!AR193+PER!AR233+PER!AR273+PER!AR313+PER!AR353+PER!AR393+PER!AR433+PER!AR473+PER!AR513+PER!AR553+PER!AR593+PER!AR633)=0,"",_xlfn.IFS(PER!AR73=1,PER!$V$34,PER!AR113=1,PER!$V$35,PER!AR153=1,PER!$V$36,PER!AR193=1,PER!$V$37,PER!AR233=1,PER!$V$38,PER!AR273=1,PER!$V$39,PER!AR313=1,PER!$V$40,PER!AR353=1,PER!$V$41,PER!AR393=1,PER!$V$42,PER!AR433=1,PER!$V$43,PER!AR473=1,PER!$V$44,PER!AR513=1,PER!$V$45,PER!AR553=1,PER!$V$46,PER!AR593=1,PER!$V$47,PER!AR633=1,PER!$V$48)))} | D42: {=IF(PER!X92=0,"",IF((PER!AS73+PER!AS113+PER!AS153+PER!AS193+PER!AS233+PER!AS273+PER!AS313+PER!AS353+PER!AS393+PER!AS433+PER!AS473+PER!AS513+PER!AS553+PER!AS593+PER!AS633)=0,"",_xlfn.IFS(PER!AS73=1,PER!$V$34,PER!AS113=1,PER!$V$35,PER!AS153=1,PER!$V$36,PER!AS193=1,PER!$V$37,PER!AS233=1,PER!$V$38,PER!AS273=1,PER!$V$39,PER!AS313=1,PER!$V$40,PER!AS353=1,PER!$V$41,PER!AS393=1,PER!$V$42,PER!AS433=1,PER!$V$43,PER!AS473=1,PER!$V$44,PER!AS513=1,PER!$V$45,PER!AS553=1,PER!$V$46,PER!AS593=1,PER!$V$47,PER!AS633=1,PER!$V$48)))} | E42: {=IF(PER!Y92=0,"",IF((PER!AT73+PER!AT113+PER!AT153+PER!AT193+PER!AT233+PER!AT273+PER!AT313+PER!AT353+PER!AT393+PER!AT433+PER!AT473+PER!AT513+PER!AT553+PER!AT593+PER!AT633)=0,"",_xlfn.IFS(PER!AT73=1,PER!$V$34,PER!AT113=1,PER!$V$35,PER!AT153=1,PER!$V$36,PER!AT193=1,PER!$V$37,PER!AT233=1,PER!$V$38,PER!AT273=1,PER!$V$39,PER!AT313=1,PER!$V$40,PER!AT353=1,PER!$V$41,PER!AT393=1,PER!$V$42,PER!AT433=1,PER!$V$43,PER!AT473=1,PER!$V$44,PER!AT513=1,PER!$V$45,PER!AT553=1,PER!$V$46,PER!AT593=1,PER!$V$47,PER!AT633=1,PER!$V$48)))} | F42: {=IF(PER!Z92=0,"",IF((PER!AU73+PER!AU113+PER!AU153+PER!AU193+PER!AU233+PER!AU273+PER!AU313+PER!AU353+PER!AU393+PER!AU433+PER!AU473+PER!AU513+PER!AU553+PER!AU593+PER!AU633)=0,"",_xlfn.IFS(PER!AU73=1,PER!$V$34,PER!AU113=1,PER!$V$35,PER!AU153=1,PER!$V$36,PER!AU193=1,PER!$V$37,PER!AU233=1,PER!$V$38,PER!AU273=1,PER!$V$39,PER!AU313=1,PER!$V$40,PER!AU353=1,PER!$V$41,PER!AU393=1,PER!$V$42,PER!AU433=1,PER!$V$43,PER!AU473=1,PER!$V$44,PER!AU513=1,PER!$V$45,PER!AU553=1,PER!$V$46,PER!AU593=1,PER!$V$47,PER!AU633=1,PER!$V$48)))} | G42: {=IF(PER!AA92=0,"",IF((PER!AV73+PER!AV113+PER!AV153+PER!AV193+PER!AV233+PER!AV273+PER!AV313+PER!AV353+PER!AV393+PER!AV433+PER!AV473+PER!AV513+PER!AV553+PER!AV593+PER!AV633)=0,"",_xlfn.IFS(PER!AV73=1,PER!$V$34,PER!AV113=1,PER!$V$35,PER!AV153=1,PER!$V$36,PER!AV193=1,PER!$V$37,PER!AV233=1,PER!$V$38,PER!AV273=1,PER!$V$39,PER!AV313=1,PER!$V$40,PER!AV353=1,PER!$V$41,PER!AV393=1,PER!$V$42,PER!AV433=1,PER!$V$43,PER!AV473=1,PER!$V$44,PER!AV513=1,PER!$V$45,PER!AV553=1,PER!$V$46,PER!AV593=1,PER!$V$47,PER!AV633=1,PER!$V$48)))} | H42: {=IF(PER!AB92=0,"",IF((PER!AW73+PER!AW113+PER!AW153+PER!AW193+PER!AW233+PER!AW273+PER!AW313+PER!AW353+PER!AW393+PER!AW433+PER!AW473+PER!AW513+PER!AW553+PER!AW593+PER!AW633)=0,"",_xlfn.IFS(PER!AW73=1,PER!$V$34,PER!AW113=1,PER!$V$35,PER!AW153=1,PER!$V$36,PER!AW193=1,PER!$V$37,PER!AW233=1,PER!$V$38,PER!AW273=1,PER!$V$39,PER!AW313=1,PER!$V$40,PER!AW353=1,PER!$V$41,PER!AW393=1,PER!$V$42,PER!AW433=1,PER!$V$43,PER!AW473=1,PER!$V$44,PER!AW513=1,PER!$V$45,PER!AW553=1,PER!$V$46,PER!AW593=1,PER!$V$47,PER!AW633=1,PER!$V$48)))} | I42: {=IF(PER!AC92=0,"",IF((PER!AX73+PER!AX113+PER!AX153+PER!AX193+PER!AX233+PER!AX273+PER!AX313+PER!AX353+PER!AX393+PER!AX433+PER!AX473+PER!AX513+PER!AX553+PER!AX593+PER!AX633)=0,"",_xlfn.IFS(PER!AX73=1,PER!$V$34,PER!AX113=1,PER!$V$35,PER!AX153=1,PER!$V$36,PER!AX193=1,PER!$V$37,PER!AX233=1,PER!$V$38,PER!AX273=1,PER!$V$39,PER!AX313=1,PER!$V$40,PER!AX353=1,PER!$V$41,PER!AX393=1,PER!$V$42,PER!AX433=1,PER!$V$43,PER!AX473=1,PER!$V$44,PER!AX513=1,PER!$V$45,PER!AX553=1,PER!$V$46,PER!AX593=1,PER!$V$47,PER!AX633=1,PER!$V$48)))} | J42: {=IF(PER!AD92=0,"",IF((PER!AY73+PER!AY113+PER!AY153+PER!AY193+PER!AY233+PER!AY273+PER!AY313+PER!AY353+PER!AY393+PER!AY433+PER!AY473+PER!AY513+PER!AY553+PER!AY593+PER!AY633)=0,"",_xlfn.IFS(PER!AY73=1,PER!$V$34,PER!AY113=1,PER!$V$35,PER!AY153=1,PER!$V$36,PER!AY193=1,PER!$V$37,PER!AY233=1,PER!$V$38,PER!AY273=1,PER!$V$39,PER!AY313=1,PER!$V$40,PER!AY353=1,PER!$V$41,PER!AY393=1,PER!$V$42,PER!AY433=1,PER!$V$43,PER!AY473=1,PER!$V$44,PER!AY513=1,PER!$V$45,PER!AY553=1,PER!$V$46,PER!AY593=1,PER!$V$47,PER!AY633=1,PER!$V$48)))} | ... S42: {=IF(PER!AM92=0,"",IF((PER!BH73+PER!BH113+PER!BH153+PER!BH193+PER!BH233+PER!BH273+PER!BH313+PER!BH353+PER!BH393+PER!BH433+PER!BH473+PER!BH513+PER!BH553+PER!BH593+PER!BH633)=0,"",_xlfn.IFS(PER!BH73=1,PER!$V$34,PER!BH113=1,PER!$V$35,PER!BH153=1,PER!$V$36,PER!BH193=1,PER!$V$37,PER!BH233=1,PER!$V$38,PER!BH273=1,PER!$V$39,PER!BH313=1,PER!$V$40,PER!BH353=1,PER!$V$41,PER!BH393=1,PER!$V$42,PER!BH433=1,PER!$V$43,PER!BH473=1,PER!$V$44,PER!BH513=1,PER!$V$45,PER!BH553=1,PER!$V$46,PER!BH593=1,PER!$V$47,PER!BH633=1,PER!$V$48)))}

Sheet PROTO FINAL
B2: Setup | C2: 16h | D2: 17h | E2: 18h | F2: 19h | G2: 20h | H2: 21h | J2: DISPO | K2: 16h | L2: 17h | M2: 18h | N2: 19h | O2: 20h | P2: 21h | Q2: DISPO/PERS | T2: DISPO | U2: 16h | V2: 17h | W2: 18h | X2: 19h | Y2: 20h | Z2: 21h
B3: Jennifer | C3: 0 | D3: 0 | E3: 0 | F3: 0 | G3: 1 | H3: 0 | J3: Jennifer | K3: 1 | L3: 1 | M3: 1 | N3: 1 | O3: 1 | P3: 0 | Q3: =SUM(K3:P3) -> 5 | T3: Jennifer | U3: {=IF(K3=0,"",_xlfn.IFS(C3=1,"Setup",C15=1,"Entry",C26=1,"Bar",#REF!=1,""))} -> #REF! | V3: {=IF(L3=0,"",_xlfn.IFS(D3=1,"Setup",D15=1,"Entry",D26=1,"Bar",#REF!=1,""))} -> #REF! | W3: {=IF(M3=0,"",_xlfn.IFS(E3=1,"Setup",E15=1,"Entry",E26=1,"Bar",#REF!=1,""))} -> Entry | X3: {=IF(N3=0,"",_xlfn.IFS(F3=1,"Setup",F15=1,"Entry",F26=1,"Bar",#REF!=1,""))} -> Bar | Y3: {=IF(O3=0,"",_xlfn.IFS(G3=1,"Setup",G15=1,"Entry",G26=1,"Bar",#REF!=1,""))} -> Setup | Z3: {=IF(P3=0,"",_xlfn.IFS(H3=1,"Setup",H15=1,"Entry",H26=1,"Bar",#REF!=1,""))} | AA3: =SUM(C3:H3)+SUM(C15:H15)+SUM(C26:H26) -> 3
B4: Galileo | C4: 0 | D4: 0 | E4: 0 | F4: 0 | G4: 0 | H4: 0 | J4: Galileo | K4: 1 | L4: 1 | M4: 1 | N4: 1 | O4: 1 | P4: 0 | Q4: =SUM(K4:P4) -> 5 | T4: Galileo | U4: {=IF(K4=0,"",_xlfn.IFS(C4=1,"Setup",C16=1,"Entry",C27=1,"Bar",#REF!=1,""))} -> #REF! | V4: {=IF(L4=0,"",_xlfn.IFS(D4=1,"Setup",D16=1,"Entry",D27=1,"Bar",#REF!=1,""))} -> #REF! | W4: {=IF(M4=0,"",_xlfn.IFS(E4=1,"Setup",E16=1,"Entry",E27=1,"Bar",#REF!=1,""))} -> #REF! | X4: {=IF(N4=0,"",_xlfn.IFS(F4=1,"Setup",F16=1,"Entry",F27=1,"Bar",#REF!=1,""))} -> #REF! | Y4: {=IF(O4=0,"",_xlfn.IFS(G4=1,"Setup",G16=1,"Entry",G27=1,"Bar",#REF!=1,""))} -> #REF! | Z4: {=IF(P4=0,"",_xlfn.IFS(H4=1,"Setup",H16=1,"Entry",H27=1,"Bar",#REF!=1,""))} | AA4: =SUM(C4:H4)+SUM(C16:H16)+SUM(C27:H27) -> 0
B5: Óscar | C5: 0 | D5: 0 | E5: 1 | F5: 0 | G5: 0 | H5: 0 | J5: Óscar | K5: 1 | L5: 1 | M5: 1 | N5: 1 | O5: 1 | P5: 0 | Q5: =SUM(K5:P5) -> 5 | T5: Óscar | U5: {=IF(K5=0,"",_xlfn.IFS(C5=1,"Setup",C17=1,"Entry",C28=1,"Bar",#REF!=1,""))} -> #REF! | V5: {=IF(L5=0,"",_xlfn.IFS(D5=1,"Setup",D17=1,"Entry",D28=1,"Bar",#REF!=1,""))} -> #REF! | W5: {=IF(M5=0,"",_xlfn.IFS(E5=1,"Setup",E17=1,"Entry",E28=1,"Bar",#REF!=1,""))} -> Setup | X5: {=IF(N5=0,"",_xlfn.IFS(F5=1,"Setup",F17=1,"Entry",F28=1,"Bar",#REF!=1,""))} -> Entry | Y5: {=IF(O5=0,"",_xlfn.IFS(G5=1,"Setup",G17=1,"Entry",G28=1,"Bar",#REF!=1,""))} -> Bar | Z5: {=IF(P5=0,"",_xlfn.IFS(H5=1,"Setup",H17=1,"Entry",H28=1,"Bar",#REF!=1,""))} | AA5: =SUM(C5:H5)+SUM(C17:H17)+SUM(C28:H28) -> 3
B6: Sebastián | C6: 0 | D6: 0 | E6: 0 | F6: 1 | G6: 0 | H6: 0 | J6: Sebastián | K6: 1 | L6: 1 | M6: 1 | N6: 1 | O6: 1 | P6: 0 | Q6: =SUM(K6:P6) -> 5 | T6: Sebastián | U6: {=IF(K6=0,"",_xlfn.IFS(C6=1,"Setup",C18=1,"Entry",C29=1,"Bar",#REF!=1,""))} -> #REF! | V6: {=IF(L6=0,"",_xlfn.IFS(D6=1,"Setup",D18=1,"Entry",D29=1,"Bar",#REF!=1,""))} -> #REF! | W6: {=IF(M6=0,"",_xlfn.IFS(E6=1,"Setup",E18=1,"Entry",E29=1,"Bar",#REF!=1,""))} -> Bar | X6: {=IF(N6=0,"",_xlfn.IFS(F6=1,"Setup",F18=1,"Entry",F29=1,"Bar",#REF!=1,""))} -> Setup | Y6: {=IF(O6=0,"",_xlfn.IFS(G6=1,"Setup",G18=1,"Entry",G29=1,"Bar",#REF!=1,""))} -> Entry | Z6: {=IF(P6=0,"",_xlfn.IFS(H6=1,"Setup",H18=1,"Entry",H29=1,"Bar",#REF!=1,""))} | AA6: =SUM(C6:H6)+SUM(C18:H18)+SUM(C29:H29) -> 3
B7: Marcos | C7: 0 | D7: 0 | E7: 0 | F7: 0 | G7: 0 | H7: 0 | J7: Marcos | K7: 0 | L7: 0 | M7: 0 | N7: 0 | O7: 0 | P7: 0 | Q7: =SUM(K7:P7) -> 0 | T7: Marcos | U7: {=IF(K7=0,"",_xlfn.IFS(C7=1,"Setup",C19=1,"Entry",C30=1,"Bar",#REF!=1,""))} | V7: {=IF(L7=0,"",_xlfn.IFS(D7=1,"Setup",D19=1,"Entry",D30=1,"Bar",#REF!=1,""))} | W7: {=IF(M7=0,"",_xlfn.IFS(E7=1,"Setup",E19=1,"Entry",E30=1,"Bar",#REF!=1,""))} | X7: {=IF(N7=0,"",_xlfn.IFS(F7=1,"Setup",F19=1,"Entry",F30=1,"Bar",#REF!=1,""))} | Y7: {=IF(O7=0,"",_xlfn.IFS(G7=1,"Setup",G19=1,"Entry",G30=1,"Bar",#REF!=1,""))} | Z7: {=IF(P7=0,"",_xlfn.IFS(H7=1,"Setup",H19=1,"Entry",H30=1,"Bar",#REF!=1,""))} | AA7: =SUM(C7:H7)+SUM(C19:H19)+SUM(C30:H30) -> 0
B8: Weixin | C8: 0 | D8: 0 | E8: 0 | F8: 0 | G8: 0 | H8: 0 | J8: Weixin | K8: 0 | L8: 0 | M8: 0 | N8: 0 | O8: 0 | P8: 0 | Q8: =SUM(K8:P8) -> 0 | T8: Weixin | U8: {=IF(K8=0,"",_xlfn.IFS(C8=1,"Setup",C20=1,"Entry",C31=1,"Bar",#REF!=1,""))} | V8: {=IF(L8=0,"",_xlfn.IFS(D8=1,"Setup",D20=1,"Entry",D31=1,"Bar",#REF!=1,""))} | W8: {=IF(M8=0,"",_xlfn.IFS(E8=1,"Setup",E20=1,"Entry",E31=1,"Bar",#REF!=1,""))} | X8: {=IF(N8=0,"",_xlfn.IFS(F8=1,"Setup",F20=1,"Entry",F31=1,"Bar",#REF!=1,""))} | Y8: {=IF(O8=0,"",_xlfn.IFS(G8=1,"Setup",G20=1,"Entry",G31=1,"Bar",#REF!=1,""))} | Z8: {=IF(P8=0,"",_xlfn.IFS(H8=1,"Setup",H20=1,"Entry",H31=1,"Bar",#REF!=1,""))} | AA8: =SUM(C8:H8)+SUM(C20:H20)+SUM(C31:H31) -> 0
B9: Benjamin | C9: 0 | D9: 0 | E9: 0 | F9: 0 | G9: 0 | H9: 0 | J9: Benjamin | K9: 0 | L9: 0 | M9: 0 | N9: 0 | O9: 0 | P9: 0 | Q9: =SUM(K9:P9) -> 0 | T9: Benjamin | U9: {=IF(K9=0,"",_xlfn.IFS(C9=1,"Setup",C21=1,"Entry",C32=1,"Bar",#REF!=1,""))} | V9: {=IF(L9=0,"",_xlfn.IFS(D9=1,"Setup",D21=1,"Entry",D32=1,"Bar",#REF!=1,""))} | W9: {=IF(M9=0,"",_xlfn.IFS(E9=1,"Setup",E21=1,"Entry",E32=1,"Bar",#REF!=1,""))} | X9: {=IF(N9=0,"",_xlfn.IFS(F9=1,"Setup",F21=1,"Entry",F32=1,"Bar",#REF!=1,""))} | Y9: {=IF(O9=0,"",_xlfn.IFS(G9=1,"Setup",G21=1,"Entry",G32=1,"Bar",#REF!=1,""))} | Z9: {=IF(P9=0,"",_xlfn.IFS(H9=1,"Setup",H21=1,"Entry",H32=1,"Bar",#REF!=1,""))} | AA9: =SUM(C9:H9)+SUM(C21:H21)+SUM(C32:H32) -> 0
J10: DISPO/HORA | K10: =SUM(K3:K9) -> 4 | L10: =SUM(L3:L9) -> 4 | M10: =SUM(M3:M9) -> 4 | N10: =SUM(N3:N9) -> 4 | O10: =SUM(O3:O9) -> 4 | P10: =SUM(P3:P9) -> 0
J13: NECESIDAD
B14: Entry | C14: 16h | D14: 17h | E14: 18h | F14: 19h | G14: 20h | H14: 21h | K14: 16h | L14: 17h | M14: 18h | N14: 19h | O14: 20h | P14: 21h
B15: Jennifer | C15: 0 | D15: 0 | E15: 1 | F15: 0 | G15: 0 | H15: 0 | J15: Setup | K15: 0 | L15: 0 | M15: 1 | N15: 1 | O15: 1 | P15: 0
B16: Galileo | C16: 0 | D16: 0 | E16: 0 | F16: 0 | G16: 0 | H16: 0 | J16: Entry | K16: 0 | L16: 0 | M16: 1 | N16: 1 | O16: 1 | P16: 0
B17: Óscar | C17: 0 | D17: 0 | E17: 0 | F17: 1 | G17: 0 | H17: 0 | J17: Bar | K17: 0 | L17: 0 | M17: 1 | N17: 1 | O17: 1 | P17: 0
B18: Sebastián | C18: 0 | D18: 0 | E18: 0 | F18: 0 | G18: 1 | H18: 0
B19: Marcos | C19: 0 | D19: 0 | E19: 0 | F19: 0 | G19: 0 | H19: 0
B20: Weixin | C20: 0 | D20: 0 | E20: 0 | F20: 0 | G20: 0 | H20: 0
B21: Benjamin | C21: 0 | D21: 0 | E21: 0 | F21: 0 | G21: 0 | H21: 0
B25: Bar | C25: 16h | D25: 17h | E25: 18h | F25: 19h | G25: 20h | H25: 21h
B26: Jennifer | C26: 0 | D26: 0 | E26: 0 | F26: 1 | G26: 0 | H26: 0 | J26: TRAINING
B27: Galileo | C27: 0 | D27: 0 | E27: 0 | F27: 0 | G27: 0 | H27: 0 | K27: Setup | L27: Entry | M27: Bar
B28: Óscar | C28: 0 | D28: 0 | E28: 0 | F28: 0 | G28: 1 | H28: 0 | J28: Jennifer | K28: 1 | L28: 1 | M28: 1
B29: Sebastián | C29: 0 | D29: 0 | E29: 1 | F29: 0 | G29: 0 | H29: 0 | J29: Galileo | K29: 1 | L29: 1 | M29: 1
B30: Marcos | C30: 0 | D30: 0 | E30: 0 | F30: 0 | G30: 0 | H30: 0 | J30: Óscar | K30: 1 | L30: 1 | M30: 1
B31: Weixin | C31: 0 | D31: 0 | E31: 0 | F31: 0 | G31: 0 | H31: 0 | J31: Sebastián | K31: 1 | L31: 1 | M31: 1
B32: Benjamin | C32: 0 | D32: 0 | E32: 0 | F32: 0 | G32: 0 | H32: 0 | J32: Marcos | K32: 1 | L32: 1 | M32: 1
J33: Weixin | K33: 1 | L33: 1 | M33: 1
J34: Benjamin | K34: 1 | L34: 1 | M34: 1
B35: CONSECUTIVIDAD
C36: =CONCATENATE(K2," - ",L2) -> 16h - 17h | D36: =CONCATENATE(L2," - ",M2) -> 17h - 18h | E36: =CONCATENATE(M2," - ",N2) -> 18h - 19h | F36: =CONCATENATE(N2," - ",O2) -> 19h - 20h | G36: =CONCATENATE(O2," - ",P2) -> 20h - 21h
B37: Jennifer | C37: 0 | D37: 0 | E37: 0 | F37: 0 | G37: 0
B38: Galileo | C38: 0 | D38: 0 | E38: 0 | F38: 0 | G38: 0
B39: Óscar | C39: 0 | D39: 0 | E39: 0 | F39: 0 | G39: 0
B40: Sebastián | C40: 0 | D40: 0 | E40: 0 | F40: 0 | G40: 0
B41: Marcos | C41: 0 | D41: 0 | E41: 0 | F41: 0 | G41: 0
B42: Weixin | C42: 0 | D42: 0 | E42: 0 | F42: 0 | G42: 0
B43: Benjamin | C43: 0 | D43: 0 | E43: 0 | F43: 0 | G43: 0
B46: HUECOS
C47: 16h | D47: 17h | E47: 18h | F47: 19h | G47: 20h | H47: 21h
B48: Jennifer | C48: 0 | D48: 0 | E48: 1 | F48: 0 | G48: 0 | H48: 0
B49: Galileo | C49: 0 | D49: 0 | E49: 0 | F49: 0 | G49: 0 | H49: 0
B50: Óscar | C50: 0 | D50: 0 | E50: 1 | F50: 0 | G50: 0 | H50: 0
B51: Sebastián | C51: 0 | D51: 0 | E51: 1 | F51: 0 | G51: 0 | H51: 0
B52: Marcos | C52: 0 | D52: 0 | E52: 0 | F52: 0 | G52: 0 | H52: 0
B53: Weixin | C53: 0 | D53: 0 | E53: 0 | F53: 0 | G53: 0 | H53: 0
B54: Benjamin | C54: 0 | D54: 0 | E54: 0 | F54: 0 | G54: 0 | H54: 0
B59: INCUMPLIMIENTO DE OBLIGATORIEDAD
C60: 16h | D60: 17h | E60: 18h | F60: 19h | G60: 20h | H60: 21h | J60: OBLIGATORIEDAD | K60: 16h | L60: 17h | M60: 18h | N60: 19h | O60: 20h | P60: 21h
B61: Jennifer | C61: 1 | D61: 1 | E61: 0 | F61: 0 | G61: 0 | H61: 0 | J61: Jennifer | K61: 1 | L61: 1 | M61: 1 | N61: 1 | O61: 1 | P61: 0
B62: Galileo | C62: 1 | D62: 1 | E62: 1 | F62: 1 | G62: 1 | H62: 0 | J62: Galileo | K62: 1 | L62: 1 | M62: 1 | N62: 1 | O62: 1 | P62: 0
B63: Óscar | C63: 1 | D63: 1 | E63: 0 | F63: 0 | G63: 0 | H63: 0 | J63: Óscar | K63: 1 | L63: 1 | M63: 1 | N63: 1 | O63: 1 | P63: 0
B64: Sebastián | C64: 1 | D64: 1 | E64: 0 | F64: 0 | G64: 0 | H64: 0 | J64: Sebastián | K64: 1 | L64: 1 | M64: 1 | N64: 1 | O64: 1 | P64: 0
B65: Marcos | C65: 0 | D65: 0 | E65: 0 | F65: 0 | G65: 0 | H65: 0 | J65: Marcos | K65: 0 | L65: 0 | M65: 0 | N65: 0 | O65: 0 | P65: 0
B66: Weixin | C66: 0 | D66: 0 | E66: 0 | F66: 0 | G66: 0 | H66: 0 | J66: Weixin | K66: 0 | L66: 0 | M66: 0 | N66: 0 | O66: 0 | P66: 0
B67: Benjamin | C67: 0 | D67: 0 | E67: 0 | F67: 0 | G67: 0 | H67: 0 | J67: Benjamin | K67: 0 | L67: 0 | M67: 0 | N67: 0 | O67: 0 | P67: 0
B70: MAX | C70: 3
B71: MIN | C71: 0 | E71: FUNCION OBJETIVO | G71: =100*(C70-C71)+10*SUM(C37:G43)+10*SUM(C48:H54)+100*SUM(C61:H67) -> 1430
B77: INCUMPLIMIENTO DE OBLIGATORIEDAD
C78: 16h | D78: 17h | E78: 18h | F78: 19h | G78: 20h | H78: 21h | K78: 16h | L78: 17h | M78: 18h | N78: 19h | O78: 20h | P78: 21h
B79: Jennifer | C79: =C61 -> 1 | D79: =D61 -> 1 | E79: =E61 -> 0 | F79: =F61 -> 0 | G79: =G61 -> 0 | H79: =H61 -> 0 | I79: ≥ | J79: Jennifer | K79: =K61-(C3+C15+C26) -> 1 | L79: =L61-(D3+D15+D26) -> 1 | M79: =M61-(E3+E15+E26) -> 0 | N79: =N61-(F3+F15+F26) -> 0 | O79: =O61-(G3+G15+G26) -> 0 | P79: =P61-(H3+H15+H26) -> 0
B80: Galileo | C80: =C62 -> 1 | D80: =D62 -> 1 | E80: =E62 -> 1 | F80: =F62 -> 1 | G80: =G62 -> 1 | H80: =H62 -> 0 | I80: ≥ | J80: Galileo | K80: =K62-(C4+C16+C27) -> 1 | L80: =L62-(D4+D16+D27) -> 1 | M80: =M62-(E4+E16+E27) -> 1 | N80: =N62-(F4+F16+F27) -> 1 | O80: =O62-(G4+G16+G27) -> 1 | P80: =P62-(H4+H16+H27) -> 0
B81: Óscar | C81: =C63 -> 1 | D81: =D63 -> 1 | E81: =E63 -> 0 | F81: =F63 -> 0 | G81: =G63 -> 0 | H81: =H63 -> 0 | I81: ≥ | J81: Óscar | K81: =K63-(C5+C17+C28) -> 1 | L81: =L63-(D5+D17+D28) -> 1 | M81: =M63-(E5+E17+E28) -> 0 | N81: =N63-(F5+F17+F28) -> 0 | O81: =O63-(G5+G17+G28) -> 0 | P81: =P63-(H5+H17+H28) -> 0
B82: Sebastián | C82: =C64 -> 1 | D82: =D64 -> 1 | E82: =E64 -> 0 | F82: =F64 -> 0 | G82: =G64 -> 0 | H82: =H64 -> 0 | I82: ≥ | J82: Sebastián | K82: =K64-(C6+C18+C29) -> 1 | L82: =L64-(D6+D18+D29) -> 1 | M82: =M64-(E6+E18+E29) -> 0 | N82: =N64-(F6+F18+F29) -> 0 | O82: =O64-(G6+G18+G29) -> 0 | P82: =P64-(H6+H18+H29) -> 0
B83: Marcos | C83: =C65 -> 0 | D83: =D65 -> 0 | E83: =E65 -> 0 | F83: =F65 -> 0 | G83: =G65 -> 0 | H83: =H65 -> 0 | I83: ≥ | J83: Marcos | K83: =K65-(C7+C19+C30) -> 0 | L83: =L65-(D7+D19+D30) -> 0 | M83: =M65-(E7+E19+E30) -> 0 | N83: =N65-(F7+F19+F30) -> 0 | O83: =O65-(G7+G19+G30) -> 0 | P83: =P65-(H7+H19+H30) -> 0
B84: Weixin | C84: =C66 -> 0 | D84: =D66 -> 0 | E84: =E66 -> 0 | F84: =F66 -> 0 | G84: =G66 -> 0 | H84: =H66 -> 0 | I84: ≥ | J84: Weixin | K84: =K66-(C8+C20+C31) -> 0 | L84: =L66-(D8+D20+D31) -> 0 | M84: =M66-(E8+E20+E31) -> 0 | N84: =N66-(F8+F20+F31) -> 0 | O84: =O66-(G8+G20+G31) -> 0 | P84: =P66-(H8+H20+H31) -> 0
B85: Benjamin | C85: =C67 -> 0 | D85: =D67 -> 0 | E85: =E67 -> 0 | F85: =F67 -> 0 | G85: =G67 -> 0 | H85: =H67 -> 0 | I85: ≥ | J85: Benjamin | K85: =K67-(C9+C21+C32) -> 0 | L85: =L67-(D9+D21+D32) -> 0 | M85: =M67-(E9+E21+E32) -> 0 | N85: =N67-(F9+F21+F32) -> 0 | O85: =O67-(G9+G21+G32) -> 0 | P85: =P67-(H9+H21+H32) -> 0
B91: Cada persona puede ser asignada, como mucho, a 1 tarea cada hora (o a cero si no está disponible en esa hora)
B92: Descanso | C92: 16h | D92: 17h | E92: 18h | F92: 19h | G92: 20h | H92: 21h | J92: DISPO | K92: 16h | L92: 17h | M92: 18h | N92: 19h | O92: 20h | P92: 21h
B93: Jennifer | C93: =C3+C15+C26 -> 0 | D93: =D3+D15+D26 -> 0 | E93: =E3+E15+E26 -> 1 | F93: =F3+F15+F26 -> 1 | G93: =G3+G15+G26 -> 1 | H93: =H3+H15+H26 -> 0 | I93: = | J93: Jennifer | K93: =K3 -> 1 | L93: =L3 -> 1 | M93: =M3 -> 1 | N93: =N3 -> 1 | O93: =O3 -> 1 | P93: =P3 -> 0
B94: Galileo | C94: =C4+C16+C27 -> 0 | D94: =D4+D16+D27 -> 0 | E94: =E4+E16+E27 -> 0 | F94: =F4+F16+F27 -> 0 | G94: =G4+G16+G27 -> 0 | H94: =H4+H16+H27 -> 0 | I94: = | J94: Galileo | K94: =K4 -> 1 | L94: =L4 -> 1 | M94: =M4 -> 1 | N94: =N4 -> 1 | O94: =O4 -> 1 | P94: =P4 -> 0
B95: Óscar | C95: =C5+C17+C28 -> 0 | D95: =D5+D17+D28 -> 0 | E95: =E5+E17+E28 -> 1 | F95: =F5+F17+F28 -> 1 | G95: =G5+G17+G28 -> 1 | H95: =H5+H17+H28 -> 0 | I95: = | J95: Óscar | K95: =K5 -> 1 | L95: =L5 -> 1 | M95: =M5 -> 1 | N95: =N5 -> 1 | O95: =O5 -> 1 | P95: =P5 -> 0
B96: Sebastián | C96: =C6+C18+C29 -> 0 | D96: =D6+D18+D29 -> 0 | E96: =E6+E18+E29 -> 1 | F96: =F6+F18+F29 -> 1 | G96: =G6+G18+G29 -> 1 | H96: =H6+H18+H29 -> 0 | I96: = | J96: Sebastián | K96: =K6 -> 1 | L96: =L6 -> 1 | M96: =M6 -> 1 | N96: =N6 -> 1 | O96: =O6 -> 1 | P96: =P6 -> 0
B97: Marcos | C97: =C7+C19+C30 -> 0 | D97: =D7+D19+D30 -> 0 | E97: =E7+E19+E30 -> 0 | F97: =F7+F19+F30 -> 0 | G97: =G7+G19+G30 -> 0 | H97: =H7+H19+H30 -> 0 | I97: = | J97: Marcos | K97: =K7 -> 0 | L97: =L7 -> 0 | M97: =M7 -> 0 | N97: =N7 -> 0 | O97: =O7 -> 0 | P97: =P7 -> 0
B98: Weixin | C98: =C8+C20+C31 -> 0 | D98: =D8+D20+D31 -> 0 | E98: =E8+E20+E31 -> 0 | F98: =F8+F20+F31 -> 0 | G98: =G8+G20+G31 -> 0 | H98: =H8+H20+H31 -> 0 | I98: = | J98: Weixin | K98: =K8 -> 0 | L98: =L8 -> 0 | M98: =M8 -> 0 | N98: =N8 -> 0 | O98: =O8 -> 0 | P98: =P8 -> 0
B99: Benjamin | C99: =C9+C21+C32 -> 0 | D99: =D9+D21+D32 -> 0 | E99: =E9+E21+E32 -> 0 | F99: =F9+F21+F32 -> 0 | G99: =G9+G21+G32 -> 0 | H99: =H9+H21+H32 -> 0 | I99: = | J99: Benjamin | K99: =K9 -> 0 | L99: =L9 -> 0 | M99: =M9 -> 0 | N99: =N9 -> 0 | O99: =O9 -> 0 | P99: =P9 -> 0
C103: 16h | D103: 17h | E103: 18h | F103: 19h | G103: 20h | H103: 21h | K103: 16h | L103: 17h | M103: 18h | N103: 19h | O103: 20h | P103: 21h
B104: Setup | C104: =SUM(C3:C9) -> 0 | D104: =SUM(D3:D9) -> 0 | E104: =SUM(E3:E9) -> 1 | F104: =SUM(F3:F9) -> 1 | G104: =SUM(G3:G9) -> 1 | H104: =SUM(H3:H9) -> 0 | I104: = | J104: Setup | K104: =K15 -> 0 | L104: =L15 -> 0 | M104: =M15 -> 1 | N104: =N15 -> 1 | O104: =O15 -> 1 | P104: =P15 -> 0
B105: Entry | C105: =SUM(C15:C21) -> 0 | D105: =SUM(D15:D21) -> 0 | E105: =SUM(E15:E21) -> 1 | F105: =SUM(F15:F21) -> 1 | G105: =SUM(G15:G21) -> 1 | H105: =SUM(H15:H21) -> 0 | I105: = | J105: Entry | K105: =K16 -> 0 | L105: =L16 -> 0 | M105: =M16 -> 1 | N105: =N16 -> 1 | O105: =O16 -> 1 | P105: =P16 -> 0
B106: Bar | C106: =SUM(C26:C32) -> 0 | D106: =SUM(D26:D32) -> 0 | E106: =SUM(E26:E32) -> 1 | F106: =SUM(F26:F32) -> 1 | G106: =SUM(G26:G32) -> 1 | H106: =SUM(H26:H32) -> 0 | I106: = | J106: Bar | K106: =K17 -> 0 | L106: =L17 -> 0 | M106: =M17 -> 1 | N106: =N17 -> 1 | O106: =O17 -> 1 | P106: =P17 -> 0
D113: TRAINING | E113: Setup | F113: Entry | G113: Bar | J113: TRAINING | K113: Setup | L113: Entry | M113: Bar
D114: Jennifer | E114: =SUM(C3:H3) -> 1 | F114: =SUM(C15:H15) -> 1 | G114: =SUM(C26:H26) -> 1 | I114: ≤ | J114: Jennifer | K114: =$Q3*K28 -> 5 | L114: =$Q3*L28 -> 5 | M114: =$Q3*M28 -> 5
D115: Galileo | E115: =SUM(C4:H4) -> 0 | F115: =SUM(C16:H16) -> 0 | G115: =SUM(C27:H27) -> 0 | I115: ≤ | J115: Galileo | K115: =$Q4*K29 -> 5 | L115: =$Q4*L29 -> 5 | M115: =$Q4*M29 -> 5
D116: Óscar | E116: =SUM(C5:H5) -> 1 | F116: =SUM(C17:H17) -> 1 | G116: =SUM(C28:H28) -> 1 | I116: ≤ | J116: Óscar | K116: =$Q5*K30 -> 5 | L116: =$Q5*L30 -> 5 | M116: =$Q5*M30 -> 5
D117: Sebastián | E117: =SUM(C6:H6) -> 1 | F117: =SUM(C18:H18) -> 1 | G117: =SUM(C29:H29) -> 1 | I117: ≤ | J117: Sebastián | K117: =$Q6*K31 -> 5 | L117: =$Q6*L31 -> 5 | M117: =$Q6*M31 -> 5
D118: Marcos | E118: =SUM(C7:H7) -> 0 | F118: =SUM(C19:H19) -> 0 | G118: =SUM(C30:H30) -> 0 | I118: ≤ | J118: Marcos | K118: =$Q7*K32 -> 0 | L118: =$Q7*L32 -> 0 | M118: =$Q7*M32 -> 0
D119: Weixin | E119: =SUM(C8:H8) -> 0 | F119: =SUM(C20:H20) -> 0 | G119: =SUM(C31:H31) -> 0 | I119: ≤ | J119: Weixin | K119: =$Q8*K33 -> 0 | L119: =$Q8*L33 -> 0 | M119: =$Q8*M33 -> 0
D120: Benjamin | E120: =SUM(C9:H9) -> 0 | F120: =SUM(C21:H21) -> 0 | G120: =SUM(C32:H32) -> 0 | I120: ≤ | J120: Benjamin | K120: =$Q9*K34 -> 0 | L120: =$Q9*L34 -> 0 | M120: =$Q9*M34 -> 0
H125: REALES | K125: MAX
G126: Jennifer | H126: =SUM(C3:H3)+SUM(C15:H15)+SUM(C26:H26) -> 3 | I126: ≤ | J126: Jennifer | K126: =$C$70 -> 3
G127: Galileo | H127: =SUM(C4:H4)+SUM(C16:H16)+SUM(C27:H27) -> 0 | I127: ≤ | J127: Galileo | K127: =$C$70 -> 3
G128: Óscar | H128: =SUM(C5:H5)+SUM(C17:H17)+SUM(C28:H28) -> 3 | I128: ≤ | J128: Óscar | K128: =$C$70 -> 3
G129: Sebastián | H129: =SUM(C6:H6)+SUM(C18:H18)+SUM(C29:H29) -> 3 | I129: ≤ | J129: Sebastián | K129: =$C$70 -> 3
G130: Marcos | H130: =SUM(C7:H7)+SUM(C19:H19)+SUM(C30:H30) -> 0 | I130: ≤ | J130: Marcos | K130: =$C$70 -> 3
G131: Weixin | H131: =SUM(C8:H8)+SUM(C20:H20)+SUM(C31:H31) -> 0 | I131: ≤ | J131: Weixin | K131: =$C$70 -> 3
G132: Benjamin | H132: =SUM(C9:H9)+SUM(C21:H21)+SUM(C32:H32) -> 0 | I132: ≤ | J132: Benjamin | K132: =$C$70 -> 3
H137: REALES | K137: MIN
G138: Jennifer | H138: =SUM(C3:H3)+SUM(C15:H15)+SUM(C26:H26) -> 3 | I138: ≥ | J138: Jennifer | K138: =$C$71 -> 0
G139: Galileo | H139: =SUM(C4:H4)+SUM(C16:H16)+SUM(C27:H27) -> 0 | I139: ≥ | J139: Galileo | K139: =$C$71 -> 0
G140: Óscar | H140: =SUM(C5:H5)+SUM(C17:H17)+SUM(C28:H28) -> 3 | I140: ≥ | J140: Óscar | K140: =$C$71 -> 0
G141: Sebastián | H141: =SUM(C6:H6)+SUM(C18:H18)+SUM(C29:H29) -> 3 | I141: ≥ | J141: Sebastián | K141: =$C$71 -> 0
...

Sheet PROTO NUEVO
B2: Setup | C2: 16h | D2: 17h | E2: 18h | F2: 19h | G2: 20h | H2: 21h | J2: DISPO | K2: 16h | L2: 17h | M2: 18h | N2: 19h | O2: 20h | P2: 21h | Q2: DISPO/PERS | R2: MIN DISPO | T2: DISPO | U2: 16h | V2: 17h | W2: 18h | X2: 19h | Y2: 20h | Z2: 21h
B3: Jennifer | C3: 0 | D3: 0 | E3: 1 | F3: 0 | G3: 0 | H3: 1 | J3: Jennifer | K3: 0 | L3: 1 | M3: 1 | N3: 1 | O3: 1 | P3: 1 | Q3: =SUM(K3:P3) -> 5 | R3: 0 | T3: Jennifer | U3: {=IF(K3=0,"",_xlfn.IFS(C3=1,"Setup",C15=1,"Entry",C26=1,"Bar",C37=1,""))} | V3: {=IF(L3=0,"",_xlfn.IFS(D3=1,"Setup",D15=1,"Entry",D26=1,"Bar",D37=1,""))} -> Bar | W3: {=IF(M3=0,"",_xlfn.IFS(E3=1,"Setup",E15=1,"Entry",E26=1,"Bar",E37=1,""))} -> Setup | X3: {=IF(N3=0,"",_xlfn.IFS(F3=1,"Setup",F15=1,"Entry",F26=1,"Bar",F37=1,""))} | Y3: {=IF(O3=0,"",_xlfn.IFS(G3=1,"Setup",G15=1,"Entry",G26=1,"Bar",G37=1,""))} | Z3: {=IF(P3=0,"",_xlfn.IFS(H3=1,"Setup",H15=1,"Entry",H26=1,"Bar",H37=1,""))} -> Setup | AA3: =SUM(C3:H3)+SUM(C15:H15)+SUM(C26:H26) -> 3
B4: Galileo | C4: 0 | D4: 1 | E4: 0 | F4: 0 | G4: 0 | H4: 0 | J4: Galileo | K4: 0 | L4: 1 | M4: 1 | N4: 1 | O4: 1 | P4: 1 | Q4: =SUM(K4:P4) -> 5 | R4: 0 | T4: Galileo | U4: {=IF(K4=0,"",_xlfn.IFS(C4=1,"Setup",C16=1,"Entry",C27=1,"Bar",C38=1,""))} | V4: {=IF(L4=0,"",_xlfn.IFS(D4=1,"Setup",D16=1,"Entry",D27=1,"Bar",D38=1,""))} -> Setup | W4: {=IF(M4=0,"",_xlfn.IFS(E4=1,"Setup",E16=1,"Entry",E27=1,"Bar",E38=1,""))} | X4: {=IF(N4=0,"",_xlfn.IFS(F4=1,"Setup",F16=1,"Entry",F27=1,"Bar",F38=1,""))} -> Entry | Y4: {=IF(O4=0,"",_xlfn.IFS(G4=1,"Setup",G16=1,"Entry",G27=1,"Bar",G38=1,""))} | Z4: {=IF(P4=0,"",_xlfn.IFS(H4=1,"Setup",H16=1,"Entry",H27=1,"Bar",H38=1,""))} -> Entry | AA4: =SUM(C4:H4)+SUM(C16:H16)+SUM(C27:H27) -> 3
B5: Óscar | C5: 0 | D5: 0 | E5: 0 | F5: 1 | G5: 0 | H5: 0 | J5: Óscar | K5: 1 | L5: 0 | M5: 0 | N5: 1 | O5: 1 | P5: 1 | Q5: =SUM(K5:P5) -> 4 | R5: 0 | T5: Óscar | U5: {=IF(K5=0,"",_xlfn.IFS(C5=1,"Setup",C17=1,"Entry",C28=1,"Bar",C39=1,""))} -> Entry | V5: {=IF(L5=0,"",_xlfn.IFS(D5=1,"Setup",D17=1,"Entry",D28=1,"Bar",D39=1,""))} | W5: {=IF(M5=0,"",_xlfn.IFS(E5=1,"Setup",E17=1,"Entry",E28=1,"Bar",E39=1,""))} | X5: {=IF(N5=0,"",_xlfn.IFS(F5=1,"Setup",F17=1,"Entry",F28=1,"Bar",F39=1,""))} -> Setup | Y5: {=IF(O5=0,"",_xlfn.IFS(G5=1,"Setup",G17=1,"Entry",G28=1,"Bar",G39=1,""))} -> Bar | Z5: {=IF(P5=0,"",_xlfn.IFS(H5=1,"Setup",H17=1,"Entry",H28=1,"Bar",H39=1,""))} | AA5: =SUM(C5:H5)+SUM(C17:H17)+SUM(C28:H28) -> 3
B6: Sebastián | C6: 1 | D6: 0 | E6: 0 | F6: 0 | G6: 0 | H6: 0 | J6: Sebastián | K6: 1 | L6: 1 | M6: 1 | N6: 1 | O6: 1 | P6: 1 | Q6: =SUM(K6:P6) -> 6 | R6: 0 | T6: Sebastián | U6: {=IF(K6=0,"",_xlfn.IFS(C6=1,"Setup",C18=1,"Entry",C29=1,"Bar",C40=1,""))} -> Setup | V6: {=IF(L6=0,"",_xlfn.IFS(D6=1,"Setup",D18=1,"Entry",D29=1,"Bar",D40=1,""))} -> Entry | W6: {=IF(M6=0,"",_xlfn.IFS(E6=1,"Setup",E18=1,"Entry",E29=1,"Bar",E40=1,""))} | X6: {=IF(N6=0,"",_xlfn.IFS(F6=1,"Setup",F18=1,"Entry",F29=1,"Bar",F40=1,""))} | Y6: {=IF(O6=0,"",_xlfn.IFS(G6=1,"Setup",G18=1,"Entry",G29=1,"Bar",G40=1,""))} | Z6: {=IF(P6=0,"",_xlfn.IFS(H6=1,"Setup",H18=1,"Entry",H29=1,"Bar",H40=1,""))} -> Bar | AA6: =SUM(C6:H6)+SUM(C18:H18)+SUM(C29:H29) -> 3
B7: Marcos | C7: 0 | D7: 0 | E7: 0 | F7: 0 | G7: 1 | H7: 0 | J7: Marcos | K7: 1 | L7: 0 | M7: 1 | N7: 1 | O7: 1 | P7: 1 | Q7: =SUM(K7:P7) -> 5 | R7: 0 | T7: Marcos | U7: {=IF(K7=0,"",_xlfn.IFS(C7=1,"Setup",C19=1,"Entry",C30=1,"Bar",C41=1,""))} -> Bar | V7: {=IF(L7=0,"",_xlfn.IFS(D7=1,"Setup",D19=1,"Entry",D30=1,"Bar",D41=1,""))} | W7: {=IF(M7=0,"",_xlfn.IFS(E7=1,"Setup",E19=1,"Entry",E30=1,"Bar",E41=1,""))} -> Bar | X7: {=IF(N7=0,"",_xlfn.IFS(F7=1,"Setup",F19=1,"Entry",F30=1,"Bar",F41=1,""))} | Y7: {=IF(O7=0,"",_xlfn.IFS(G7=1,"Setup",G19=1,"Entry",G30=1,"Bar",G41=1,""))} -> Setup | Z7: {=IF(P7=0,"",_xlfn.IFS(H7=1,"Setup",H19=1,"Entry",H30=1,"Bar",H41=1,""))} | AA7: =SUM(C7:H7)+SUM(C19:H19)+SUM(C30:H30) -> 3
B8: Weixin | C8: 0 | D8: 0 | E8: 0 | F8: 0 | G8: 0 | H8: 0 | J8: Weixin | K8: 0 | L8: 0 | M8: 1 | N8: 1 | O8: 1 | P8: 1 | Q8: =SUM(K8:P8) -> 4 | R8: 0 | T8: Weixin | U8: {=IF(K8=0,"",_xlfn.IFS(C8=1,"Setup",C20=1,"Entry",C31=1,"Bar",C42=1,""))} | V8: {=IF(L8=0,"",_xlfn.IFS(D8=1,"Setup",D20=1,"Entry",D31=1,"Bar",D42=1,""))} | W8: {=IF(M8=0,"",_xlfn.IFS(E8=1,"Setup",E20=1,"Entry",E31=1,"Bar",E42=1,""))} -> Entry | X8: {=IF(N8=0,"",_xlfn.IFS(F8=1,"Setup",F20=1,"Entry",F31=1,"Bar",F42=1,""))} -> Bar | Y8: {=IF(O8=0,"",_xlfn.IFS(G8=1,"Setup",G20=1,"Entry",G31=1,"Bar",G42=1,""))} -> Entry | Z8: {=IF(P8=0,"",_xlfn.IFS(H8=1,"Setup",H20=1,"Entry",H31=1,"Bar",H42=1,""))} | AA8: =SUM(C8:H8)+SUM(C20:H20)+SUM(C31:H31) -> 3
B9: Benjamin | C9: 0 | D9: 0 | E9: 0 | F9: 0 | G9: 0 | H9: 0 | J9: Benjamin | K9: 0 | L9: 0 | M9: 0 | N9: 0 | O9: 0 | P9: 0 | Q9: =SUM(K9:P9) -> 0 | R9: 0 | T9: Benjamin | U9: {=IF(K9=0,"",_xlfn.IFS(C9=1,"Setup",C21=1,"Entry",C32=1,"Bar",C43=1,""))} | V9: {=IF(L9=0,"",_xlfn.IFS(D9=1,"Setup",D21=1,"Entry",D32=1,"Bar",D43=1,""))} | W9: {=IF(M9=0,"",_xlfn.IFS(E9=1,"Setup",E21=1,"Entry",E32=1,"Bar",E43=1,""))} | X9: {=IF(N9=0,"",_xlfn.IFS(F9=1,"Setup",F21=1,"Entry",F32=1,"Bar",F43=1,""))} | Y9: {=IF(O9=0,"",_xlfn.IFS(G9=1,"Setup",G21=1,"Entry",G32=1,"Bar",G43=1,""))} | Z9: {=IF(P9=0,"",_xlfn.IFS(H9=1,"Setup",H21=1,"Entry",H32=1,"Bar",H43=1,""))} | AA9: =SUM(C9:H9)+SUM(C21:H21)+SUM(C32:H32) -> 0
J10: DISPO/HORA | K10: =SUM(K3:K9) -> 3 | L10: =SUM(L3:L9) -> 3 | M10: =SUM(M3:M9) -> 5 | N10: =SUM(N3:N9) -> 6 | O10: =SUM(O3:O9) -> 6 | P10: =SUM(P3:P9) -> 6
J13: NECESIDAD
B14: Entry | C14: 16h | D14: 17h | E14: 18h | F14: 19h | G14: 20h | H14: 21h | K14: 16h | L14: 17h | M14: 18h | N14: 19h | O14: 20h | P14: 21h
B15: Jennifer | C15: 0 | D15: 0 | E15: 0 | F15: 0 | G15: 0 | H15: 0 | J15: Setup | K15: 1 | L15: 1 | M15: 1 | N15: 1 | O15: 1 | P15: 1
B16: Galileo | C16: 0 | D16: 0 | E16: 0 | F16: 1 | G16: 0 | H16: 1 | J16: Entry | K16: 1 | L16: 1 | M16: 1 | N16: 1 | O16: 1 | P16: 1
B17: Óscar | C17: 1 | D17: 0 | E17: 0 | F17: 0 | G17: 0 | H17: 0 | J17: Bar | K17: 1 | L17: 1 | M17: 1 | N17: 1 | O17: 1 | P17: 1
B18: Sebastián | C18: 0 | D18: 1 | E18: 0 | F18: 0 | G18: 0 | H18: 0
B19: Marcos | C19: 0 | D19: 0 | E19: 0 | F19: 0 | G19: 0 | H19: 0
B20: Weixin | C20: 0 | D20: 0 | E20: 1 | F20: 0 | G20: 1 | H20: 0 | J20: CAPACIDAD
B21: Benjamin | C21: 0 | D21: 0 | E21: 0 | F21: 0 | G21: 0 | H21: 0 | K21: Setup | L21: Entry | M21: Bar | N21: Descanso
J22: Jennifer | K22: 1 | L22: 1 | M22: 1 | N22: 1
J23: Galileo | K23: 1 | L23: 1 | M23: 1 | N23: 1
J24: Óscar | K24: 1 | L24: 1 | M24: 1 | N24: 1
B25: Bar | C25: 16h | D25: 17h | E25: 18h | F25: 19h | G25: 20h | H25: 21h | J25: Sebastián | K25: 1 | L25: 1 | M25: 1 | N25: 1
B26: Jennifer | C26: 0 | D26: 1 | E26: 0 | F26: 0 | G26: 0 | H26: 0 | J26: Marcos | K26: 1 | L26: 1 | M26: 1 | N26: 1
B27: Galileo | C27: 0 | D27: 0 | E27: 0 | F27: 0 | G27: 0 | H27: 0 | J27: Weixin | K27: 1 | L27: 1 | M27: 1 | N27: 1
B28: Óscar | C28: 0 | D28: 0 | E28: 0 | F28: 0 | G28: 1 | H28: 0 | J28: Benjamin | K28: 1 | L28: 1 | M28: 1 | N28: 1
B29: Sebastián | C29: 0 | D29: 0 | E29: 0 | F29: 0 | G29: 0 | H29: 1
B30: Marcos | C30: 1 | D30: 0 | E30: 1 | F30: 0 | G30: 0 | H30: 0
B31: Weixin | C31: 0 | D31: 0 | E31: 0 | F31: 1 | G31: 0 | H31: 0
B32: Benjamin | C32: 0 | D32: 0 | E32: 0 | F32: 0 | G32: 0 | H32: 0
B36: Descanso | C36: 16h | D36: 17h | E36: 18h | F36: 19h | G36: 20h | H36: 21h
B37: Jennifer | C37: 0 | D37: 0 | E37: 0 | F37: 1 | G37: 1 | H37: 0
B38: Galileo | C38: 0 | D38: 0 | E38: 1 | F38: 0 | G38: 1 | H38: 0
B39: Óscar | C39: 0 | D39: 0 | E39: 0 | F39: 0 | G39: 0 | H39: 1
B40: Sebastián | C40: 0 | D40: 0 | E40: 1 | F40: 1 | G40: 1 | H40: 0
B41: Marcos | C41: 0 | D41: 0 | E41: 0 | F41: 1 | G41: 0 | H41: 1
B42: Weixin | C42: 0 | D42: 0 | E42: 0 | F42: 0 | G42: 0 | H42: 1
B43: Benjamin | C43: 0 | D43: 0 | E43: 0 | F43: 0 | G43: 0 | H43: 0
B45: MAX | C45: 3
B46: MIN | C46: 0 | K46: FUNCION OBJETIVO | M46: =C45-C46+10*SUM(C51:G57) -> 3
B49: CONSECUTIVIDAD
C50: =CONCATENATE(K2," - ",L2) -> 16h - 17h | D50: =CONCATENATE(L2," - ",M2) -> 17h - 18h | E50: =CONCATENATE(M2," - ",N2) -> 18h - 19h | F50: =CONCATENATE(N2," - ",O2) -> 19h - 20h | G50: =CONCATENATE(O2," - ",P2) -> 20h - 21h
B51: Jennifer | C51: 0 | D51: 0 | E51: 0 | F51: 0 | G51: 0
B52: Galileo | C52: 0 | D52: 0 | E52: 0 | F52: 0 | G52: 0
B53: Óscar | C53: 0 | D53: 0 | E53: 0 | F53: 0 | G53: 0
B54: Sebastián | C54: 0 | D54: 0 | E54: 0 | F54: 0 | G54: 0
B55: Marcos | C55: 0 | D55: 0 | E55: 0 | F55: 0 | G55: 0
B56: Weixin | C56: 0 | D56: 0 | E56: 0 | F56: 0 | G56: 0
B57: Benjamin | C57: 0 | D57: 0 | E57: 0 | F57: 0 | G57: 0
B61: Cada persona puede ser asignada, como mucho, a 1 tarea cada hora (o a cero si no está disponible en esa hora)
B62: Descanso | C62: 16h | D62: 17h | E62: 18h | F62: 19h | G62: 20h | H62: 21h | J62: DISPO | K62: 16h | L62: 17h | M62: 18h | N62: 19h | O62: 20h | P62: 21h
B63: Jennifer | C63: =C3+C15+C26+C37 -> 0 | D63: =D3+D15+D26+D37 -> 1 | E63: =E3+E15+E26+E37 -> 1 | F63: =F3+F15+F26+F37 -> 1 | G63: =G3+G15+G26+G37 -> 1 | H63: =H3+H15+H26+H37 -> 1 | I63: = | J63: Jennifer | K63: =K3 -> 0 | L63: =L3 -> 1 | M63: =M3 -> 1 | N63: =N3 -> 1 | O63: =O3 -> 1 | P63: =P3 -> 1
B64: Galileo | C64: =C4+C16+C27+C38 -> 0 | D64: =D4+D16+D27+D38 -> 1 | E64: =E4+E16+E27+E38 -> 1 | F64: =F4+F16+F27+F38 -> 1 | G64: =G4+G16+G27+G38 -> 1 | H64: =H4+H16+H27+H38 -> 1 | I64: = | J64: Galileo | K64: =K4 -> 0 | L64: =L4 -> 1 | M64: =M4 -> 1 | N64: =N4 -> 1 | O64: =O4 -> 1 | P64: =P4 -> 1
B65: Óscar | C65: =C5+C17+C28+C39 -> 1 | D65: =D5+D17+D28+D39 -> 0 | E65: =E5+E17+E28+E39 -> 0 | F65: =F5+F17+F28+F39 -> 1 | G65: =G5+G17+G28+G39 -> 1 | H65: =H5+H17+H28+H39 -> 1 | I65: = | J65: Óscar | K65: =K5 -> 1 | L65: =L5 -> 0 | M65: =M5 -> 0 | N65: =N5 -> 1 | O65: =O5 -> 1 | P65: =P5 -> 1
B66: Sebastián | C66: =C6+C18+C29+C40 -> 1 | D66: =D6+D18+D29+D40 -> 1 | E66: =E6+E18+E29+E40 -> 1 | F66: =F6+F18+F29+F40 -> 1 | G66: =G6+G18+G29+G40 -> 1 | H66: =H6+H18+H29+H40 -> 1 | I66: = | J66: Sebastián | K66: =K6 -> 1 | L66: =L6 -> 1 | M66: =M6 -> 1 | N66: =N6 -> 1 | O66: =O6 -> 1 | P66: =P6 -> 1
B67: Marcos | C67: =C7+C19+C30+C41 -> 1 | D67: =D7+D19+D30+D41 -> 0 | E67: =E7+E19+E30+E41 -> 1 | F67: =F7+F19+F30+F41 -> 1 | G67: =G7+G19+G30+G41 -> 1 | H67: =H7+H19+H30+H41 -> 1 | I67: = | J67: Marcos | K67: =K7 -> 1 | L67: =L7 -> 0 | M67: =M7 -> 1 | N67: =N7 -> 1 | O67: =O7 -> 1 | P67: =P7 -> 1
B68: Weixin | C68: =C8+C20+C31+C42 -> 0 | D68: =D8+D20+D31+D42 -> 0 | E68: =E8+E20+E31+E42 -> 1 | F68: =F8+F20+F31+F42 -> 1 | G68: =G8+G20+G31+G42 -> 1 | H68: =H8+H20+H31+H42 -> 1 | I68: = | J68: Weixin | K68: =K8 -> 0 | L68: =L8 -> 0 | M68: =M8 -> 1 | N68: =N8 -> 1 | O68: =O8 -> 1 | P68: =P8 -> 1
B69: Benjamin | C69: =C9+C21+C32+C43 -> 0 | D69: =D9+D21+D32+D43 -> 0 | E69: =E9+E21+E32+E43 -> 0 | F69: =F9+F21+F32+F43 -> 0 | G69: =G9+G21+G32+G43 -> 0 | H69: =H9+H21+H32+H43 -> 0 | I69: = | J69: Benjamin | K69: =K9 -> 0 | L69: =L9 -> 0 | M69: =M9 -> 0 | N69: =N9 -> 0 | O69: =O9 -> 0 | P69: =P9 -> 0
C73: 16h | D73: 17h | E73: 18h | F73: 19h | G73: 20h | H73: 21h | K73: 16h | L73: 17h | M73: 18h | N73: 19h | O73: 20h | P73: 21h
B74: Setup | C74: =SUM(C3:C9) -> 1 | D74: =SUM(D3:D9) -> 1 | E74: =SUM(E3:E9) -> 1 | F74: =SUM(F3:F9) -> 1 | G74: =SUM(G3:G9) -> 1 | H74: =SUM(H3:H9) -> 1 | I74: = | J74: Setup | K74: =K15 -> 1 | L74: =L15 -> 1 | M74: =M15 -> 1 | N74: =N15 -> 1 | O74: =O15 -> 1 | P74: =P15 -> 1
B75: Entry | C75: =SUM(C15:C21) -> 1 | D75: =SUM(D15:D21) -> 1 | E75: =SUM(E15:E21) -> 1 | F75: =SUM(F15:F21) -> 1 | G75: =SUM(G15:G21) -> 1 | H75: =SUM(H15:H21) -> 1 | I75: = | J75: Entry | K75: =K16 -> 1 | L75: =L16 -> 1 | M75: =M16 -> 1 | N75: =N16 -> 1 | O75: =O16 -> 1 | P75: =P16 -> 1
B76: Bar | C76: =SUM(C26:C32) -> 1 | D76: =SUM(D26:D32) -> 1 | E76: =SUM(E26:E32) -> 1 | F76: =SUM(F26:F32) -> 1 | G76: =SUM(G26:G32) -> 1 | H76: =SUM(H26:H32) -> 1 | I76: = | J76: Bar | K76: =K17 -> 1 | L76: =L17 -> 1 | M76: =M17 -> 1 | N76: =N17 -> 1 | O76: =O17 -> 1 | P76: =P17 -> 1
E81: Setup | F81: Entry | G81: Bar | H81: Descanso | K81: Setup | L81: Entry | M81: Bar | N81: Descanso
D82: Jennifer | E82: =SUM(C3:H3) -> 2 | F82: =SUM(C15:H15) -> 0 | G82: =SUM(C26:H26) -> 1 | H82: =SUM(C37:H37) -> 2 | I82: ≤ | J82: Jennifer | K82: =$Q3*K22 -> 5 | L82: =$Q3*L22 -> 5 | M82: =$Q3*M22 -> 5 | N82: =$Q3*N22 -> 5
D83: Galileo | E83: =SUM(C4:H4) -> 1 | F83: =SUM(C16:H16) -> 2 | G83: =SUM(C27:H27) -> 0 | H83: =SUM(C38:H38) -> 2 | I83: ≤ | J83: Galileo | K83: =$Q4*K23 -> 5 | L83: =$Q4*L23 -> 5 | M83: =$Q4*M23 -> 5 | N83: =$Q4*N23 -> 5
D84: Óscar | E84: =SUM(C5:H5) -> 1 | F84: =SUM(C17:H17) -> 1 | G84: =SUM(C28:H28) -> 1 | H84: =SUM(C39:H39) -> 1 | I84: ≤ | J84: Óscar | K84: =$Q5*K24 -> 4 | L84: =$Q5*L24 -> 4 | M84: =$Q5*M24 -> 4 | N84: =$Q5*N24 -> 4
D85: Sebastián | E85: =SUM(C6:H6) -> 1 | F85: =SUM(C18:H18) -> 1 | G85: =SUM(C29:H29) -> 1 | H85: =SUM(C40:H40) -> 3 | I85: ≤ | J85: Sebastián | K85: =$Q6*K25 -> 6 | L85: =$Q6*L25 -> 6 | M85: =$Q6*M25 -> 6 | N85: =$Q6*N25 -> 6
D86: Marcos | E86: =SUM(C7:H7) -> 1 | F86: =SUM(C19:H19) -> 0 | G86: =SUM(C30:H30) -> 2 | H86: =SUM(C41:H41) -> 2 | I86: ≤ | J86: Marcos | K86: =$Q7*K26 -> 5 | L86: =$Q7*L26 -> 5 | M86: =$Q7*M26 -> 5 | N86: =$Q7*N26 -> 5
D87: Weixin | E87: =SUM(C8:H8) -> 0 | F87: =SUM(C20:H20) -> 2 | G87: =SUM(C31:H31) -> 1 | H87: =SUM(C42:H42) -> 1 | I87: ≤ | J87: Weixin | K87: =$Q8*K27 -> 4 | L87: =$Q8*L27 -> 4 | M87: =$Q8*M27 -> 4 | N87: =$Q8*N27 -> 4
D88: Benjamin | E88: =SUM(C9:H9) -> 0 | F88: =SUM(C21:H21) -> 0 | G88: =SUM(C32:H32) -> 0 | H88: =SUM(C43:H43) -> 0 | I88: ≤ | J88: Benjamin | K88: =$Q9*K28 -> 0 | L88: =$Q9*L28 -> 0 | M88: =$Q9*M28 -> 0 | N88: =$Q9*N28 -> 0
H93: REALES | K93: MAX
G94: Jennifer | H94: =SUM(C3:H3)+SUM(C15:H15)+SUM(C26:H26) -> 3 | I94: ≤ | J94: Jennifer | K94: =$C$45 -> 3
G95: Galileo | H95: =SUM(C4:H4)+SUM(C16:H16)+SUM(C27:H27) -> 3 | I95: ≤ | J95: Galileo | K95: =$C$45 -> 3
G96: Óscar | H96: =SUM(C5:H5)+SUM(C17:H17)+SUM(C28:H28) -> 3 | I96: ≤ | J96: Óscar | K96: =$C$45 -> 3
G97: Sebastián | H97: =SUM(C6:H6)+SUM(C18:H18)+SUM(C29:H29) -> 3 | I97: ≤ | J97: Sebastián | K97: =$C$45 -> 3
G98: Marcos | H98: =SUM(C7:H7)+SUM(C19:H19)+SUM(C30:H30) -> 3 | I98: ≤ | J98: Marcos | K98: =$C$45 -> 3
G99: Weixin | H99: =SUM(C8:H8)+SUM(C20:H20)+SUM(C31:H31) -> 3 | I99: ≤ | J99: Weixin | K99: =$C$45 -> 3
G100: Benjamin | H100: =SUM(C9:H9)+SUM(C21:H21)+SUM(C32:H32) -> 0 | I100: ≤ | J100: Benjamin | K100: =$C$45 -> 3
H105: REALES | K105: MIN
G106: Jennifer | H106: =SUM(C3:H3)+SUM(C15:H15)+SUM(C26:H26) -> 3 | I106: ≥ | J106: Jennifer | K106: =$C$46 -> 0
G107: Galileo | H107: =SUM(C4:H4)+SUM(C16:H16)+SUM(C27:H27) -> 3 | I107: ≥ | J107: Galileo | K107: =$C$46 -> 0
G108: Óscar | H108: =SUM(C5:H5)+SUM(C17:H17)+SUM(C28:H28) -> 3 | I108: ≥ | J108: Óscar | K108: =$C$46 -> 0
G109: Sebastián | H109: =SUM(C6:H6)+SUM(C18:H18)+SUM(C29:H29) -> 3 | I109: ≥ | J109: Sebastián | K109: =$C$46 -> 0
G110: Marcos | H110: =SUM(C7:H7)+SUM(C19:H19)+SUM(C30:H30) -> 3 | I110: ≥ | J110: Marcos | K110: =$C$46 -> 0
G111: Weixin | H111: =SUM(C8:H8)+SUM(C20:H20)+SUM(C31:H31) -> 3 | I111: ≥ | J111: Weixin | K111: =$C$46 -> 0
G112: Benjamin | H112: =SUM(C9:H9)+SUM(C21:H21)+SUM(C32:H32) -> 0 | I112: ≥ | J112: Benjamin | K112: =$C$46 -> 0
C116: Setup | D116: 16h | E116: 17h | F116: 18h | G116: 19h | H116: 20h | K116: 16h | L116: 17h | M116: 18h | N116: 19h | O116: 20h
C117: Jennifer | D117: =C51 -> 0 | E117: =D51 -> 0 | F117: =E51 -> 0 | G117: =F51 -> 0 | H117: =G51 -> 0 | I117: ≥ | J117: Jennifer | K117: =C3+D3-1 -> -1 | L117: =D3+E3-1 -> 0 | M117: =E3+F3-1 -> 0 | N117: =F3+G3-1 -> -1 | O117: =G3+H3-1 -> 0
C118: Galileo | D118: =C52 -> 0 | E118: =D52 -> 0 | F118: =E52 -> 0 | G118: =F52 -> 0 | H118: =G52 -> 0 | I118: ≥ | J118: Galileo | K118: =C4+D4-1 -> 0 | L118: =D4+E4-1 -> 0 | M118: =E4+F4-1 -> -1 | N118: =F4+G4-1 -> -1 | O118: =G4+H4-1 -> -1
C119: Óscar | D119: =C53 -> 0 | E119: =D53 -> 0 | F119: =E53 -> 0 | G119: =F53 -> 0 | H119: =G53 -> 0 | I119: ≥ | J119: Óscar | K119: =C5+D5-1 -> -1 | L119: =D5+E5-1 -> -1 | M119: =E5+F5-1 -> 0 | N119: =F5+G5-1 -> 0 | O119: =G5+H5-1 -> -1
C120: Sebastián | D120: =C54 -> 0 | E120: =D54 -> 0 | F120: =E54 -> 0 | G120: =F54 -> 0 | H120: =G54 -> 0 | I120: ≥ | J120: Sebastián | K120: =C6+D6-1 -> 0 | L120: =D6+E6-1 -> -1 | M120: =E6+F6-1 -> -1 | N120: =F6+G6-1 -> -1 | O120: =G6+H6-1 -> -1
C121: Marcos | D121: =C55 -> 0 | E121: =D55 -> 0 | F121: =E55 -> 0 | G121: =F55 -> 0 | H121: =G55 -> 0 | I121: ≥ | J121: Marcos | K121: =C7+D7-1 -> -1 | L121: =D7+E7-1 -> -1 | M121: =E7+F7-1 -> -1 | N121: =F7+G7-1 -> 0 | O121: =G7+H7-1 -> 0
C122: Weixin | D122: =C56 -> 0 | E122: =D56 -> 0 | F122: =E56 -> 0 | G122: =F56 -> 0 | H122: =G56 -> 0 | I122: ≥ | J122: Weixin | K122: =C8+D8-1 -> -1 | L122: =D8+E8-1 -> -1 | M122: =E8+F8-1 -> -1 | N122: =F8+G8-1 -> -1 | O122: =G8+H8-1 -> -1
C123: Benjamin | D123: =C57 -> 0 | E123: =D57 -> 0 | F123: =E57 -> 0 | G123: =F57 -> 0 | H123: =G57 -> 0 | I123: ≥ | J123: Benjamin | K123: =C9+D9-1 -> -1 | L123: =D9+E9-1 -> -1 | M123: =E9+F9-1 -> -1 | N123: =F9+G9-1 -> -1 | O123: =G9+H9-1 -> -1
C127: Entry | D127: 16h | E127: 17h | F127: 18h | G127: 19h | H127: 20h | K127: 16h | L127: 17h | M127: 18h | N127: 19h | O127: 20h
C128: Jennifer | D128: =C51 -> 0 | E128: =D51 -> 0 | F128: =E51 -> 0 | G128: =F51 -> 0 | H128: =G51 -> 0 | I128: ≥ | J128: Jennifer | K128: =C15+D15-1 -> -1 | L128: =D15+E15-1 -> -1 | M128: =E15+F15-1 -> -1 | N128: =F15+G15-1 -> -1 | O128: =G15+H15-1 -> -1
C129: Galileo | D129: =C52 -> 0 | E129: =D52 -> 0 | F129: =E52 -> 0 | G129: =F52 -> 0 | H129: =G52 -> 0 | I129: ≥ | J129: Galileo | K129: =C16+D16-1 -> -1 | L129: =D16+E16-1 -> -1 | M129: =E16+F16-1 -> 0 | N129: =F16+G16-1 -> 0 | O129: =G16+H16-1 -> 0
C130: Óscar | D130: =C53 -> 0 | E130: =D53 -> 0 | F130: =E53 -> 0 | G130: =F53 -> 0 | H130: =G53 -> 0 | I130: ≥ | J130: Óscar | K130: =C17+D17-1 -> 0 | L130: =D17+E17-1 -> -1 | M130: =E17+F17-1 -> -1 | N130: =F17+G17-1 -> -1 | O130: =G17+H17-1 -> -1
C131: Sebastián | D131: =C54 -> 0 | E131: =D54 -> 0 | F131: =E54 -> 0 | G131: =F54 -> 0 | H131: =G54 -> 0 | I131: ≥ | J131: Sebastián | K131: =C18+D18-1 -> 0 | L131: =D18+E18-1 -> 0 | M131: =E18+F18-1 -> -1 | N131: =F18+G18-1 -> -1 | O131: =G18+H18-1 -> -1
C132: Marcos | D132: =C55 -> 0 | E132: =D55 -> 0 | F132: =E55 -> 0 | G132: =F55 -> 0 | H132: =G55 -> 0 | I132: ≥ | J132: Marcos | K132: =C19+D19-1 -> -1 | L132: =D19+E19-1 -> -1 | M132: =E19+F19-1 -> -1 | N132: =F19+G19-1 -> -1 | O132: =G19+H19-1 -> -1
C133: Weixin | D133: =C56 -> 0 | E133: =D56 -> 0 | F133: =E56 -> 0 | G133: =F56 -> 0 | H133: =G56 -> 0 | I133: ≥ | J133: Weixin | K133: =C20+D20-1 -> -1 | L133: =D20+E20-1 -> 0 | M133: =E20+F20-1 -> 0 | N133: =F20+G20-1 -> 0 | O133: =G20+H20-1 -> 0
...

Sheet VINCENT (OBSOLETO)
R1: HORAS DE TRABAJO
B2: =$Q$36 -> Setup | C2: =$R$2 -> 16h | D2: =$S$2 -> 17h | E2: =$T$2 -> 18h | F2: =$U$2 -> 19h | G2: =$V$2 -> 20h | H2: =$W$2 -> 21h | I2: =$X$2 -> 22h | J2: =$Y$2 -> 23h | K2: =$Z$2 -> 00h | L2: =$AA$2 -> 01h | M2: =$AB$2 -> 02h | N2: =$AC$2 -> 03h | O2: =$AD$2 -> 04h | Q2: PERSONAS | R2: 16h | S2: 17h | T2: 18h | U2: 19h | V2: 20h | W2: 21h | X2: 22h | Y2: 23h | Z2: 00h | AA2: 01h | AB2: 02h | AC2: 03h | AD2: 04h | AE2: TOTAL DISP / PERSONA | AF2: MIN DISP | AJ2: =CONCATENATE($R$2," - ",$S$2) -> 16h - 17h | AK2: =CONCATENATE($S$2," - ",$T$2) -> 17h - 18h | AL2: =CONCATENATE($T$2," - ",$U$2) -> 18h - 19h | AM2: =CONCATENATE($U$2," - ",$V$2) -> 19h - 20h | AN2: =CONCATENATE($V$2," - ",$W$2) -> 20h - 21h | AO2: =CONCATENATE($W$2," - ",$X$2) -> 21h - 22h | AP2: =CONCATENATE($X$2," - ",$Y$2) -> 22h - 23h | AQ2: =CONCATENATE($Y$2," - ",$Z$2) -> 23h - 00h | AR2: =CONCATENATE($Z$2," - ",$AA$2) -> 00h - 01h | AS2: =CONCATENATE($AA$2," - ",$AB$2) -> 01h - 02h | AT2: =CONCATENATE($AB$2," - ",$AC$2) -> 02h - 03h | AU2: =CONCATENATE($AC$2," - ",$AD$2) -> 03h - 04h | AV2: =CONCATENATE($AD$2," - ","05h") -> 04h - 05h | AW2: TOTAL SHIFTS
A3: 1 | B3: =$Q$3 -> Jennifer | C3: 1 | D3: 0 | E3: 0 | F3: 0 | G3: 0 | H3: 0 | I3: 0 | J3: 0 | K3: 0 | L3: 0 | M3: 0 | N3: 0 | O3: 0 | Q3: Jennifer | R3: 1 | S3: 1 | T3: 1 | U3: 1 | V3: 1 | W3: 1 | X3: 1 | Y3: 1 | Z3: 1 | AA3: 1 | AB3: 1 | AC3: 1 | AD3: 1 | AE3: =SUM(R3:AD3) -> 13 | AF3: 0 | AH3: 1 | AI3: =$Q$3 -> Jennifer | AJ3: {=IF(R3=0,"",_xlfn.IFS(C3=1,"Setup",C30=1,"Entry",C57=1,"Bar",C84=1,"C-mix",C111=1,"Rez",C138=1,"Homing",C165=1,"Toilets",C192=1,"Level",C219=1,"Çapèse",C246=1,"Tidying",C273=1,"Volante",C300=1,""))} -> Setup | AK3: {=IF(S3=0,"",_xlfn.IFS(D3=1,"Setup",D30=1,"Entry",D57=1,"Bar",D84=1,"C-mix",D111=1,"Rez",D138=1,"Homing",D165=1,"Toilets",D192=1,"Level",D219=1,"Çapèse",D246=1,"Tidying",D273=1,"Volante",D300=1,""))} | AL3: {=IF(T3=0,"",_xlfn.IFS(E3=1,"Setup",E30=1,"Entry",E57=1,"Bar",E84=1,"C-mix",E111=1,"Rez",E138=1,"Homing",E165=1,"Toilets",E192=1,"Level",E219=1,"Çapèse",E246=1,"Tidying",E273=1,"Volante",E300=1,""))} | AM3: {=IF(U3=0,"",_xlfn.IFS(F3=1,"Setup",F30=1,"Entry",F57=1,"Bar",F84=1,"C-mix",F111=1,"Rez",F138=1,"Homing",F165=1,"Toilets",F192=1,"Level",F219=1,"Çapèse",F246=1,"Tidying",F273=1,"Volante",F300=1,""))} | AN3: {=IF(V3=0,"",_xlfn.IFS(G3=1,"Setup",G30=1,"Entry",G57=1,"Bar",G84=1,"C-mix",G111=1,"Rez",G138=1,"Homing",G165=1,"Toilets",G192=1,"Level",G219=1,"Çapèse",G246=1,"Tidying",G273=1,"Volante",G300=1,""))} -> Homing | AO3: {=IF(W3=0,"",_xlfn.IFS(H3=1,"Setup",H30=1,"Entry",H57=1,"Bar",H84=1,"C-mix",H111=1,"Rez",H138=1,"Homing",H165=1,"Toilets",H192=1,"Level",H219=1,"Çapèse",H246=1,"Tidying",H273=1,"Volante",H300=1,""))} -> Level | AP3: {=IF(X3=0,"",_xlfn.IFS(I3=1,"Setup",I30=1,"Entry",I57=1,"Bar",I84=1,"C-mix",I111=1,"Rez",I138=1,"Homing",I165=1,"Toilets",I192=1,"Level",I219=1,"Çapèse",I246=1,"Tidying",I273=1,"Volante",I300=1,""))} | AQ3: {=IF(Y3=0,"",_xlfn.IFS(J3=1,"Setup",J30=1,"Entry",J57=1,"Bar",J84=1,"C-mix",J111=1,"Rez",J138=1,"Homing",J165=1,"Toilets",J192=1,"Level",J219=1,"Çapèse",J246=1,"Tidying",J273=1,"Volante",J300=1,""))} | ... AV3: {=IF(AD3=0,"",_xlfn.IFS(O3=1,"Setup",O30=1,"Entry",O57=1,"Bar",O84=1,"C-mix",O111=1,"Rez",O138=1,"Homing",O165=1,"Toilets",O192=1,"Level",O219=1,"Çapèse",O246=1,"Tidying",O273=1,"Volante",O300=1,""))} -> Tidying | AW3: =O409 -> 8
A4: 2 | B4: =$Q$4 -> Galileo | C4: 0 | D4: 0 | E4: 0 | F4: 0 | G4: 0 | H4: 0 | I4: 0 | J4: 0 | K4: 0 | L4: 0 | M4: 0 | N4: 0 | O4: 0 | Q4: Galileo | R4: 1 | S4: 1 | T4: 1 | U4: 1 | V4: 1 | W4: 1 | X4: 1 | Y4: 1 | Z4: 1 | AA4: 1 | AB4: 1 | AC4: 1 | AD4: 1 | AE4: =SUM(R4:AD4) -> 13 | AF4: 0 | AH4: 2 | AI4: =$Q$4 -> Galileo | AJ4: {=IF(R4=0,"",_xlfn.IFS(C4=1,"Setup",C31=1,"Entry",C58=1,"Bar",C85=1,"C-mix",C112=1,"Rez",C139=1,"Homing",C166=1,"Toilets",C193=1,"Level",C220=1,"Çapèse",C247=1,"Tidying",C274=1,"Volante",C301=1,""))} | AK4: {=IF(S4=0,"",_xlfn.IFS(D4=1,"Setup",D31=1,"Entry",D58=1,"Bar",D85=1,"C-mix",D112=1,"Rez",D139=1,"Homing",D166=1,"Toilets",D193=1,"Level",D220=1,"Çapèse",D247=1,"Tidying",D274=1,"Volante",D301=1,""))} | AL4: {=IF(T4=0,"",_xlfn.IFS(E4=1,"Setup",E31=1,"Entry",E58=1,"Bar",E85=1,"C-mix",E112=1,"Rez",E139=1,"Homing",E166=1,"Toilets",E193=1,"Level",E220=1,"Çapèse",E247=1,"Tidying",E274=1,"Volante",E301=1,""))} -> Bar | AM4: {=IF(U4=0,"",_xlfn.IFS(F4=1,"Setup",F31=1,"Entry",F58=1,"Bar",F85=1,"C-mix",F112=1,"Rez",F139=1,"Homing",F166=1,"Toilets",F193=1,"Level",F220=1,"Çapèse",F247=1,"Tidying",F274=1,"Volante",F301=1,""))} -> Çapèse | AN4: {=IF(V4=0,"",_xlfn.IFS(G4=1,"Setup",G31=1,"Entry",G58=1,"Bar",G85=1,"C-mix",G112=1,"Rez",G139=1,"Homing",G166=1,"Toilets",G193=1,"Level",G220=1,"Çapèse",G247=1,"Tidying",G274=1,"Volante",G301=1,""))} -> Rez | AO4: {=IF(W4=0,"",_xlfn.IFS(H4=1,"Setup",H31=1,"Entry",H58=1,"Bar",H85=1,"C-mix",H112=1,"Rez",H139=1,"Homing",H166=1,"Toilets",H193=1,"Level",H220=1,"Çapèse",H247=1,"Tidying",H274=1,"Volante",H301=1,""))} | AP4: {=IF(X4=0,"",_xlfn.IFS(I4=1,"Setup",I31=1,"Entry",I58=1,"Bar",I85=1,"C-mix",I112=1,"Rez",I139=1,"Homing",I166=1,"Toilets",I193=1,"Level",I220=1,"Çapèse",I247=1,"Tidying",I274=1,"Volante",I301=1,""))} | AQ4: {=IF(Y4=0,"",_xlfn.IFS(J4=1,"Setup",J31=1,"Entry",J58=1,"Bar",J85=1,"C-mix",J112=1,"Rez",J139=1,"Homing",J166=1,"Toilets",J193=1,"Level",J220=1,"Çapèse",J247=1,"Tidying",J274=1,"Volante",J301=1,""))} -> Homing | ... AV4: {=IF(AD4=0,"",_xlfn.IFS(O4=1,"Setup",O31=1,"Entry",O58=1,"Bar",O85=1,"C-mix",O112=1,"Rez",O139=1,"Homing",O166=1,"Toilets",O193=1,"Level",O220=1,"Çapèse",O247=1,"Tidying",O274=1,"Volante",O301=1,""))} -> Tidying | AW4: =O410 -> 8
A5: 3 | B5: =$Q$5 -> Óscar | C5: 1 | D5: 0 | E5: 0 | F5: 0 | G5: 0 | H5: 0 | I5: 0 | J5: 0 | K5: 0 | L5: 0 | M5: 0 | N5: 0 | O5: 0 | Q5: Óscar | R5: 1 | S5: 1 | T5: 1 | U5: 1 | V5: 1 | W5: 1 | X5: 1 | Y5: 1 | Z5: 1 | AA5: 1 | AB5: 1 | AC5: 1 | AD5: 1 | AE5: =SUM(R5:AD5) -> 13 | AF5: 0 | AH5: 3 | AI5: =$Q$5 -> Óscar | AJ5: {=IF(R5=0,"",_xlfn.IFS(C5=1,"Setup",C32=1,"Entry",C59=1,"Bar",C86=1,"C-mix",C113=1,"Rez",C140=1,"Homing",C167=1,"Toilets",C194=1,"Level",C221=1,"Çapèse",C248=1,"Tidying",C275=1,"Volante",C302=1,""))} -> Setup | AK5: {=IF(S5=0,"",_xlfn.IFS(D5=1,"Setup",D32=1,"Entry",D59=1,"Bar",D86=1,"C-mix",D113=1,"Rez",D140=1,"Homing",D167=1,"Toilets",D194=1,"Level",D221=1,"Çapèse",D248=1,"Tidying",D275=1,"Volante",D302=1,""))} | AL5: {=IF(T5=0,"",_xlfn.IFS(E5=1,"Setup",E32=1,"Entry",E59=1,"Bar",E86=1,"C-mix",E113=1,"Rez",E140=1,"Homing",E167=1,"Toilets",E194=1,"Level",E221=1,"Çapèse",E248=1,"Tidying",E275=1,"Volante",E302=1,""))} | AM5: {=IF(U5=0,"",_xlfn.IFS(F5=1,"Setup",F32=1,"Entry",F59=1,"Bar",F86=1,"C-mix",F113=1,"Rez",F140=1,"Homing",F167=1,"Toilets",F194=1,"Level",F221=1,"Çapèse",F248=1,"Tidying",F275=1,"Volante",F302=1,""))} | AN5: {=IF(V5=0,"",_xlfn.IFS(G5=1,"Setup",G32=1,"Entry",G59=1,"Bar",G86=1,"C-mix",G113=1,"Rez",G140=1,"Homing",G167=1,"Toilets",G194=1,"Level",G221=1,"Çapèse",G248=1,"Tidying",G275=1,"Volante",G302=1,""))} | AO5: {=IF(W5=0,"",_xlfn.IFS(H5=1,"Setup",H32=1,"Entry",H59=1,"Bar",H86=1,"C-mix",H113=1,"Rez",H140=1,"Homing",H167=1,"Toilets",H194=1,"Level",H221=1,"Çapèse",H248=1,"Tidying",H275=1,"Volante",H302=1,""))} -> Homing | AP5: {=IF(X5=0,"",_xlfn.IFS(I5=1,"Setup",I32=1,"Entry",I59=1,"Bar",I86=1,"C-mix",I113=1,"Rez",I140=1,"Homing",I167=1,"Toilets",I194=1,"Level",I221=1,"Çapèse",I248=1,"Tidying",I275=1,"Volante",I302=1,""))} -> Toilets | AQ5: {=IF(Y5=0,"",_xlfn.IFS(J5=1,"Setup",J32=1,"Entry",J59=1,"Bar",J86=1,"C-mix",J113=1,"Rez",J140=1,"Homing",J167=1,"Toilets",J194=1,"Level",J221=1,"Çapèse",J248=1,"Tidying",J275=1,"Volante",J302=1,""))} -> Homing | ... AV5: {=IF(AD5=0,"",_xlfn.IFS(O5=1,"Setup",O32=1,"Entry",O59=1,"Bar",O86=1,"C-mix",O113=1,"Rez",O140=1,"Homing",O167=1,"Toilets",O194=1,"Level",O221=1,"Çapèse",O248=1,"Tidying",O275=1,"Volante",O302=1,""))} -> Tidying | AW5: =O411 -> 8
A6: 4 | B6: =$Q$6 -> Sebastián | C6: 0 | D6: 0 | E6: 0 | F6: 0 | G6: 0 | H6: 0 | I6: 0 | J6: 0 | K6: 0 | L6: 0 | M6: 0 | N6: 0 | O6: 0 | Q6: Sebastián | R6: 1 | S6: 1 | T6: 1 | U6: 1 | V6: 1 | W6: 1 | X6: 1 | Y6: 1 | Z6: 1 | AA6: 1 | AB6: 1 | AC6: 1 | AD6: 1 | AE6: =SUM(R6:AD6) -> 13 | AF6: 0 | AH6: 4 | AI6: =$Q$6 -> Sebastián | AJ6: {=IF(R6=0,"",_xlfn.IFS(C6=1,"Setup",C33=1,"Entry",C60=1,"Bar",C87=1,"C-mix",C114=1,"Rez",C141=1,"Homing",C168=1,"Toilets",C195=1,"Level",C222=1,"Çapèse",C249=1,"Tidying",C276=1,"Volante",C303=1,""))} | AK6: {=IF(S6=0,"",_xlfn.IFS(D6=1,"Setup",D33=1,"Entry",D60=1,"Bar",D87=1,"C-mix",D114=1,"Rez",D141=1,"Homing",D168=1,"Toilets",D195=1,"Level",D222=1,"Çapèse",D249=1,"Tidying",D276=1,"Volante",D303=1,""))} | AL6: {=IF(T6=0,"",_xlfn.IFS(E6=1,"Setup",E33=1,"Entry",E60=1,"Bar",E87=1,"C-mix",E114=1,"Rez",E141=1,"Homing",E168=1,"Toilets",E195=1,"Level",E222=1,"Çapèse",E249=1,"Tidying",E276=1,"Volante",E303=1,""))} | AM6: {=IF(U6=0,"",_xlfn.IFS(F6=1,"Setup",F33=1,"Entry",F60=1,"Bar",F87=1,"C-mix",F114=1,"Rez",F141=1,"Homing",F168=1,"Toilets",F195=1,"Level",F222=1,"Çapèse",F249=1,"Tidying",F276=1,"Volante",F303=1,""))} -> Bar | AN6: {=IF(V6=0,"",_xlfn.IFS(G6=1,"Setup",G33=1,"Entry",G60=1,"Bar",G87=1,"C-mix",G114=1,"Rez",G141=1,"Homing",G168=1,"Toilets",G195=1,"Level",G222=1,"Çapèse",G249=1,"Tidying",G276=1,"Volante",G303=1,""))} -> Volante | AO6: {=IF(W6=0,"",_xlfn.IFS(H6=1,"Setup",H33=1,"Entry",H60=1,"Bar",H87=1,"C-mix",H114=1,"Rez",H141=1,"Homing",H168=1,"Toilets",H195=1,"Level",H222=1,"Çapèse",H249=1,"Tidying",H276=1,"Volante",H303=1,""))} -> Rez | AP6: {=IF(X6=0,"",_xlfn.IFS(I6=1,"Setup",I33=1,"Entry",I60=1,"Bar",I87=1,"C-mix",I114=1,"Rez",I141=1,"Homing",I168=1,"Toilets",I195=1,"Level",I222=1,"Çapèse",I249=1,"Tidying",I276=1,"Volante",I303=1,""))} -> Homing | AQ6: {=IF(Y6=0,"",_xlfn.IFS(J6=1,"Setup",J33=1,"Entry",J60=1,"Bar",J87=1,"C-mix",J114=1,"Rez",J141=1,"Homing",J168=1,"Toilets",J195=1,"Level",J222=1,"Çapèse",J249=1,"Tidying",J276=1,"Volante",J303=1,""))} -> Homing | ... AV6: {=IF(AD6=0,"",_xlfn.IFS(O6=1,"Setup",O33=1,"Entry",O60=1,"Bar",O87=1,"C-mix",O114=1,"Rez",O141=1,"Homing",O168=1,"Toilets",O195=1,"Level",O222=1,"Çapèse",O249=1,"Tidying",O276=1,"Volante",O303=1,""))} | AW6: =O412 -> 8
A7: 5 | B7: =$Q$7 -> Marcos | C7: 1 | D7: 0 | E7: 0 | F7: 0 | G7: 0 | H7: 0 | I7: 0 | J7: 0 | K7: 0 | L7: 0 | M7: 0 | N7: 0 | O7: 0 | Q7: Marcos | R7: 1 | S7: 1 | T7: 1 | U7: 1 | V7: 1 | W7: 1 | X7: 1 | Y7: 1 | Z7: 1 | AA7: 1 | AB7: 1 | AC7: 1 | AD7: 1 | AE7: =SUM(R7:AD7) -> 13 | AF7: 0 | AH7: 5 | AI7: =$Q$7 -> Marcos | AJ7: {=IF(R7=0,"",_xlfn.IFS(C7=1,"Setup",C34=1,"Entry",C61=1,"Bar",C88=1,"C-mix",C115=1,"Rez",C142=1,"Homing",C169=1,"Toilets",C196=1,"Level",C223=1,"Çapèse",C250=1,"Tidying",C277=1,"Volante",C304=1,""))} -> Setup | AK7: {=IF(S7=0,"",_xlfn.IFS(D7=1,"Setup",D34=1,"Entry",D61=1,"Bar",D88=1,"C-mix",D115=1,"Rez",D142=1,"Homing",D169=1,"Toilets",D196=1,"Level",D223=1,"Çapèse",D250=1,"Tidying",D277=1,"Volante",D304=1,""))} | AL7: {=IF(T7=0,"",_xlfn.IFS(E7=1,"Setup",E34=1,"Entry",E61=1,"Bar",E88=1,"C-mix",E115=1,"Rez",E142=1,"Homing",E169=1,"Toilets",E196=1,"Level",E223=1,"Çapèse",E250=1,"Tidying",E277=1,"Volante",E304=1,""))} -> Homing | AM7: {=IF(U7=0,"",_xlfn.IFS(F7=1,"Setup",F34=1,"Entry",F61=1,"Bar",F88=1,"C-mix",F115=1,"Rez",F142=1,"Homing",F169=1,"Toilets",F196=1,"Level",F223=1,"Çapèse",F250=1,"Tidying",F277=1,"Volante",F304=1,""))} -> Entry | AN7: {=IF(V7=0,"",_xlfn.IFS(G7=1,"Setup",G34=1,"Entry",G61=1,"Bar",G88=1,"C-mix",G115=1,"Rez",G142=1,"Homing",G169=1,"Toilets",G196=1,"Level",G223=1,"Çapèse",G250=1,"Tidying",G277=1,"Volante",G304=1,""))} -> Level | AO7: {=IF(W7=0,"",_xlfn.IFS(H7=1,"Setup",H34=1,"Entry",H61=1,"Bar",H88=1,"C-mix",H115=1,"Rez",H142=1,"Homing",H169=1,"Toilets",H196=1,"Level",H223=1,"Çapèse",H250=1,"Tidying",H277=1,"Volante",H304=1,""))} -> C-mix | AP7: {=IF(X7=0,"",_xlfn.IFS(I7=1,"Setup",I34=1,"Entry",I61=1,"Bar",I88=1,"C-mix",I115=1,"Rez",I142=1,"Homing",I169=1,"Toilets",I196=1,"Level",I223=1,"Çapèse",I250=1,"Tidying",I277=1,"Volante",I304=1,""))} -> Volante | AQ7: {=IF(Y7=0,"",_xlfn.IFS(J7=1,"Setup",J34=1,"Entry",J61=1,"Bar",J88=1,"C-mix",J115=1,"Rez",J142=1,"Homing",J169=1,"Toilets",J196=1,"Level",J223=1,"Çapèse",J250=1,"Tidying",J277=1,"Volante",J304=1,""))} -> Bar | ... AV7: {=IF(AD7=0,"",_xlfn.IFS(O7=1,"Setup",O34=1,"Entry",O61=1,"Bar",O88=1,"C-mix",O115=1,"Rez",O142=1,"Homing",O169=1,"Toilets",O196=1,"Level",O223=1,"Çapèse",O250=1,"Tidying",O277=1,"Volante",O304=1,""))} | AW7: =O413 -> 8
A8: 6 | B8: =$Q$8 -> Weixin | C8: 0 | D8: 0 | E8: 0 | F8: 0 | G8: 0 | H8: 0 | I8: 0 | J8: 0 | K8: 0 | L8: 0 | M8: 0 | N8: 0 | O8: 0 | Q8: Weixin | R8: 1 | S8: 1 | T8: 1 | U8: 1 | V8: 1 | W8: 1 | X8: 1 | Y8: 1 | Z8: 1 | AA8: 1 | AB8: 1 | AC8: 1 | AD8: 1 | AE8: =SUM(R8:AD8) -> 13 | AF8: 0 | AH8: 6 | AI8: =$Q$8 -> Weixin | AJ8: {=IF(R8=0,"",_xlfn.IFS(C8=1,"Setup",C35=1,"Entry",C62=1,"Bar",C89=1,"C-mix",C116=1,"Rez",C143=1,"Homing",C170=1,"Toilets",C197=1,"Level",C224=1,"Çapèse",C251=1,"Tidying",C278=1,"Volante",C305=1,""))} | AK8: {=IF(S8=0,"",_xlfn.IFS(D8=1,"Setup",D35=1,"Entry",D62=1,"Bar",D89=1,"C-mix",D116=1,"Rez",D143=1,"Homing",D170=1,"Toilets",D197=1,"Level",D224=1,"Çapèse",D251=1,"Tidying",D278=1,"Volante",D305=1,""))} -> Homing | AL8: {=IF(T8=0,"",_xlfn.IFS(E8=1,"Setup",E35=1,"Entry",E62=1,"Bar",E89=1,"C-mix",E116=1,"Rez",E143=1,"Homing",E170=1,"Toilets",E197=1,"Level",E224=1,"Çapèse",E251=1,"Tidying",E278=1,"Volante",E305=1,""))} -> Entry | AM8: {=IF(U8=0,"",_xlfn.IFS(F8=1,"Setup",F35=1,"Entry",F62=1,"Bar",F89=1,"C-mix",F116=1,"Rez",F143=1,"Homing",F170=1,"Toilets",F197=1,"Level",F224=1,"Çapèse",F251=1,"Tidying",F278=1,"Volante",F305=1,""))} -> Bar | AN8: {=IF(V8=0,"",_xlfn.IFS(G8=1,"Setup",G35=1,"Entry",G62=1,"Bar",G89=1,"C-mix",G116=1,"Rez",G143=1,"Homing",G170=1,"Toilets",G197=1,"Level",G224=1,"Çapèse",G251=1,"Tidying",G278=1,"Volante",G305=1,""))} | AO8: {=IF(W8=0,"",_xlfn.IFS(H8=1,"Setup",H35=1,"Entry",H62=1,"Bar",H89=1,"C-mix",H116=1,"Rez",H143=1,"Homing",H170=1,"Toilets",H197=1,"Level",H224=1,"Çapèse",H251=1,"Tidying",H278=1,"Volante",H305=1,""))} -> Bar | AP8: {=IF(X8=0,"",_xlfn.IFS(I8=1,"Setup",I35=1,"Entry",I62=1,"Bar",I89=1,"C-mix",I116=1,"Rez",I143=1,"Homing",I170=1,"Toilets",I197=1,"Level",I224=1,"Çapèse",I251=1,"Tidying",I278=1,"Volante",I305=1,""))} | AQ8: {=IF(Y8=0,"",_xlfn.IFS(J8=1,"Setup",J35=1,"Entry",J62=1,"Bar",J89=1,"C-mix",J116=1,"Rez",J143=1,"Homing",J170=1,"Toilets",J197=1,"Level",J224=1,"Çapèse",J251=1,"Tidying",J278=1,"Volante",J305=1,""))} -> Çapèse | ... AV8: {=IF(AD8=0,"",_xlfn.IFS(O8=1,"Setup",O35=1,"Entry",O62=1,"Bar",O89=1,"C-mix",O116=1,"Rez",O143=1,"Homing",O170=1,"Toilets",O197=1,"Level",O224=1,"Çapèse",O251=1,"Tidying",O278=1,"Volante",O305=1,""))} | AW8: =O414 -> 8
A9: 7 | B9: =$Q$9 -> Benjamin | C9: 1 | D9: 0 | E9: 0 | F9: 0 | G9: 0 | H9: 0 | I9: 0 | J9: 0 | K9: 0 | L9: 0 | M9: 0 | N9: 0 | O9: 0 | Q9: Benjamin | R9: 1 | S9: 1 | T9: 1 | U9: 1 | V9: 1 | W9: 1 | X9: 1 | Y9: 1 | Z9: 1 | AA9: 1 | AB9: 1 | AC9: 1 | AD9: 1 | AE9: =SUM(R9:AD9) -> 13 | AF9: 0 | AH9: 7 | AI9: =$Q$9 -> Benjamin | AJ9: {=IF(R9=0,"",_xlfn.IFS(C9=1,"Setup",C36=1,"Entry",C63=1,"Bar",C90=1,"C-mix",C117=1,"Rez",C144=1,"Homing",C171=1,"Toilets",C198=1,"Level",C225=1,"Çapèse",C252=1,"Tidying",C279=1,"Volante",C306=1,""))} -> Setup | AK9: {=IF(S9=0,"",_xlfn.IFS(D9=1,"Setup",D36=1,"Entry",D63=1,"Bar",D90=1,"C-mix",D117=1,"Rez",D144=1,"Homing",D171=1,"Toilets",D198=1,"Level",D225=1,"Çapèse",D252=1,"Tidying",D279=1,"Volante",D306=1,""))} -> Bar | AL9: {=IF(T9=0,"",_xlfn.IFS(E9=1,"Setup",E36=1,"Entry",E63=1,"Bar",E90=1,"C-mix",E117=1,"Rez",E144=1,"Homing",E171=1,"Toilets",E198=1,"Level",E225=1,"Çapèse",E252=1,"Tidying",E279=1,"Volante",E306=1,""))} -> Level | AM9: {=IF(U9=0,"",_xlfn.IFS(F9=1,"Setup",F36=1,"Entry",F63=1,"Bar",F90=1,"C-mix",F117=1,"Rez",F144=1,"Homing",F171=1,"Toilets",F198=1,"Level",F225=1,"Çapèse",F252=1,"Tidying",F279=1,"Volante",F306=1,""))} | AN9: {=IF(V9=0,"",_xlfn.IFS(G9=1,"Setup",G36=1,"Entry",G63=1,"Bar",G90=1,"C-mix",G117=1,"Rez",G144=1,"Homing",G171=1,"Toilets",G198=1,"Level",G225=1,"Çapèse",G252=1,"Tidying",G279=1,"Volante",G306=1,""))} -> Toilets | AO9: {=IF(W9=0,"",_xlfn.IFS(H9=1,"Setup",H36=1,"Entry",H63=1,"Bar",H90=1,"C-mix",H117=1,"Rez",H144=1,"Homing",H171=1,"Toilets",H198=1,"Level",H225=1,"Çapèse",H252=1,"Tidying",H279=1,"Volante",H306=1,""))} -> Entry | AP9: {=IF(X9=0,"",_xlfn.IFS(I9=1,"Setup",I36=1,"Entry",I63=1,"Bar",I90=1,"C-mix",I117=1,"Rez",I144=1,"Homing",I171=1,"Toilets",I198=1,"Level",I225=1,"Çapèse",I252=1,"Tidying",I279=1,"Volante",I306=1,""))} -> C-mix | AQ9: {=IF(Y9=0,"",_xlfn.IFS(J9=1,"Setup",J36=1,"Entry",J63=1,"Bar",J90=1,"C-mix",J117=1,"Rez",J144=1,"Homing",J171=1,"Toilets",J198=1,"Level",J225=1,"Çapèse",J252=1,"Tidying",J279=1,"Volante",J306=1,""))} -> Volante | ... AV9: {=IF(AD9=0,"",_xlfn.IFS(O9=1,"Setup",O36=1,"Entry",O63=1,"Bar",O90=1,"C-mix",O117=1,"Rez",O144=1,"Homing",O171=1,"Toilets",O198=1,"Level",O225=1,"Çapèse",O252=1,"Tidying",O279=1,"Volante",O306=1,""))} | AW9: =O415 -> 8
A10: 8 | B10: =$Q$10 -> Joelle | C10: 1 | D10: 0 | E10: 0 | F10: 0 | G10: 0 | H10: 0 | I10: 0 | J10: 0 | K10: 0 | L10: 0 | M10: 0 | N10: 0 | O10: 0 | Q10: Joelle | R10: 1 | S10: 1 | T10: 1 | U10: 1 | V10: 1 | W10: 1 | X10: 1 | Y10: 1 | Z10: 1 | AA10: 1 | AB10: 1 | AC10: 1 | AD10: 1 | AE10: =SUM(R10:AD10) -> 13 | AF10: 0 | AH10: 8 | AI10: =$Q$10 -> Joelle | AJ10: {=IF(R10=0,"",_xlfn.IFS(C10=1,"Setup",C37=1,"Entry",C64=1,"Bar",C91=1,"C-mix",C118=1,"Rez",C145=1,"Homing",C172=1,"Toilets",C199=1,"Level",C226=1,"Çapèse",C253=1,"Tidying",C280=1,"Volante",C307=1,""))} -> Setup | AK10: {=IF(S10=0,"",_xlfn.IFS(D10=1,"Setup",D37=1,"Entry",D64=1,"Bar",D91=1,"C-mix",D118=1,"Rez",D145=1,"Homing",D172=1,"Toilets",D199=1,"Level",D226=1,"Çapèse",D253=1,"Tidying",D280=1,"Volante",D307=1,""))} -> Toilets | AL10: {=IF(T10=0,"",_xlfn.IFS(E10=1,"Setup",E37=1,"Entry",E64=1,"Bar",E91=1,"C-mix",E118=1,"Rez",E145=1,"Homing",E172=1,"Toilets",E199=1,"Level",E226=1,"Çapèse",E253=1,"Tidying",E280=1,"Volante",E307=1,""))} | AM10: {=IF(U10=0,"",_xlfn.IFS(F10=1,"Setup",F37=1,"Entry",F64=1,"Bar",F91=1,"C-mix",F118=1,"Rez",F145=1,"Homing",F172=1,"Toilets",F199=1,"Level",F226=1,"Çapèse",F253=1,"Tidying",F280=1,"Volante",F307=1,""))} -> Homing | AN10: {=IF(V10=0,"",_xlfn.IFS(G10=1,"Setup",G37=1,"Entry",G64=1,"Bar",G91=1,"C-mix",G118=1,"Rez",G145=1,"Homing",G172=1,"Toilets",G199=1,"Level",G226=1,"Çapèse",G253=1,"Tidying",G280=1,"Volante",G307=1,""))} -> Homing | AO10: {=IF(W10=0,"",_xlfn.IFS(H10=1,"Setup",H37=1,"Entry",H64=1,"Bar",H91=1,"C-mix",H118=1,"Rez",H145=1,"Homing",H172=1,"Toilets",H199=1,"Level",H226=1,"Çapèse",H253=1,"Tidying",H280=1,"Volante",H307=1,""))} -> Homing | AP10: {=IF(X10=0,"",_xlfn.IFS(I10=1,"Setup",I37=1,"Entry",I64=1,"Bar",I91=1,"C-mix",I118=1,"Rez",I145=1,"Homing",I172=1,"Toilets",I199=1,"Level",I226=1,"Çapèse",I253=1,"Tidying",I280=1,"Volante",I307=1,""))} | AQ10: {=IF(Y10=0,"",_xlfn.IFS(J10=1,"Setup",J37=1,"Entry",J64=1,"Bar",J91=1,"C-mix",J118=1,"Rez",J145=1,"Homing",J172=1,"Toilets",J199=1,"Level",J226=1,"Çapèse",J253=1,"Tidying",J280=1,"Volante",J307=1,""))} -> Toilets | ... AV10: {=IF(AD10=0,"",_xlfn.IFS(O10=1,"Setup",O37=1,"Entry",O64=1,"Bar",O91=1,"C-mix",O118=1,"Rez",O145=1,"Homing",O172=1,"Toilets",O199=1,"Level",O226=1,"Çapèse",O253=1,"Tidying",O280=1,"Volante",O307=1,""))} -> Tidying | AW10: =O416 -> 8
A11: 9 | B11: =$Q$11 -> Alexia | C11: 0 | D11: 0 | E11: 0 | F11: 0 | G11: 0 | H11: 0 | I11: 0 | J11: 0 | K11: 0 | L11: 0 | M11: 0 | N11: 0 | O11: 0 | Q11: Alexia | R11: 1 | S11: 1 | T11: 1 | U11: 1 | V11: 1 | W11: 1 | X11: 1 | Y11: 1 | Z11: 1 | AA11: 1 | AB11: 1 | AC11: 1 | AD11: 1 | AE11: =SUM(R11:AD11) -> 13 | AF11: 0 | AH11: 9 | AI11: =$Q$11 -> Alexia | AJ11: {=IF(R11=0,"",_xlfn.IFS(C11=1,"Setup",C38=1,"Entry",C65=1,"Bar",C92=1,"C-mix",C119=1,"Rez",C146=1,"Homing",C173=1,"Toilets",C200=1,"Level",C227=1,"Çapèse",C254=1,"Tidying",C281=1,"Volante",C308=1,""))} | AK11: {=IF(S11=0,"",_xlfn.IFS(D11=1,"Setup",D38=1,"Entry",D65=1,"Bar",D92=1,"C-mix",D119=1,"Rez",D146=1,"Homing",D173=1,"Toilets",D200=1,"Level",D227=1,"Çapèse",D254=1,"Tidying",D281=1,"Volante",D308=1,""))} -> Toilets | AL11: {=IF(T11=0,"",_xlfn.IFS(E11=1,"Setup",E38=1,"Entry",E65=1,"Bar",E92=1,"C-mix",E119=1,"Rez",E146=1,"Homing",E173=1,"Toilets",E200=1,"Level",E227=1,"Çapèse",E254=1,"Tidying",E281=1,"Volante",E308=1,""))} | AM11: {=IF(U11=0,"",_xlfn.IFS(F11=1,"Setup",F38=1,"Entry",F65=1,"Bar",F92=1,"C-mix",F119=1,"Rez",F146=1,"Homing",F173=1,"Toilets",F200=1,"Level",F227=1,"Çapèse",F254=1,"Tidying",F281=1,"Volante",F308=1,""))} -> Toilets | AN11: {=IF(V11=0,"",_xlfn.IFS(G11=1,"Setup",G38=1,"Entry",G65=1,"Bar",G92=1,"C-mix",G119=1,"Rez",G146=1,"Homing",G173=1,"Toilets",G200=1,"Level",G227=1,"Çapèse",G254=1,"Tidying",G281=1,"Volante",G308=1,""))} | AO11: {=IF(W11=0,"",_xlfn.IFS(H11=1,"Setup",H38=1,"Entry",H65=1,"Bar",H92=1,"C-mix",H119=1,"Rez",H146=1,"Homing",H173=1,"Toilets",H200=1,"Level",H227=1,"Çapèse",H254=1,"Tidying",H281=1,"Volante",H308=1,""))} -> Bar | AP11: {=IF(X11=0,"",_xlfn.IFS(I11=1,"Setup",I38=1,"Entry",I65=1,"Bar",I92=1,"C-mix",I119=1,"Rez",I146=1,"Homing",I173=1,"Toilets",I200=1,"Level",I227=1,"Çapèse",I254=1,"Tidying",I281=1,"Volante",I308=1,""))} | AQ11: {=IF(Y11=0,"",_xlfn.IFS(J11=1,"Setup",J38=1,"Entry",J65=1,"Bar",J92=1,"C-mix",J119=1,"Rez",J146=1,"Homing",J173=1,"Toilets",J200=1,"Level",J227=1,"Çapèse",J254=1,"Tidying",J281=1,"Volante",J308=1,""))} -> C-mix | ... AV11: {=IF(AD11=0,"",_xlfn.IFS(O11=1,"Setup",O38=1,"Entry",O65=1,"Bar",O92=1,"C-mix",O119=1,"Rez",O146=1,"Homing",O173=1,"Toilets",O200=1,"Level",O227=1,"Çapèse",O254=1,"Tidying",O281=1,"Volante",O308=1,""))} -> Tidying | AW11: =O417 -> 8
A12: 10 | B12: =$Q$12 -> Joao | C12: 0 | D12: 0 | E12: 0 | F12: 0 | G12: 0 | H12: 0 | I12: 0 | J12: 0 | K12: 0 | L12: 0 | M12: 0 | N12: 0 | O12: 0 | Q12: Joao | R12: 1 | S12: 1 | T12: 1 | U12: 1 | V12: 1 | W12: 1 | X12: 1 | Y12: 1 | Z12: 1 | AA12: 1 | AB12: 1 | AC12: 1 | AD12: 1 | AE12: =SUM(R12:AD12) -> 13 | AF12: 0 | AH12: 10 | AI12: =$Q$12 -> Joao | AJ12: {=IF(R12=0,"",_xlfn.IFS(C12=1,"Setup",C39=1,"Entry",C66=1,"Bar",C93=1,"C-mix",C120=1,"Rez",C147=1,"Homing",C174=1,"Toilets",C201=1,"Level",C228=1,"Çapèse",C255=1,"Tidying",C282=1,"Volante",C309=1,""))} | AK12: {=IF(S12=0,"",_xlfn.IFS(D12=1,"Setup",D39=1,"Entry",D66=1,"Bar",D93=1,"C-mix",D120=1,"Rez",D147=1,"Homing",D174=1,"Toilets",D201=1,"Level",D228=1,"Çapèse",D255=1,"Tidying",D282=1,"Volante",D309=1,""))} -> Bar | AL12: {=IF(T12=0,"",_xlfn.IFS(E12=1,"Setup",E39=1,"Entry",E66=1,"Bar",E93=1,"C-mix",E120=1,"Rez",E147=1,"Homing",E174=1,"Toilets",E201=1,"Level",E228=1,"Çapèse",E255=1,"Tidying",E282=1,"Volante",E309=1,""))} | AM12: {=IF(U12=0,"",_xlfn.IFS(F12=1,"Setup",F39=1,"Entry",F66=1,"Bar",F93=1,"C-mix",F120=1,"Rez",F147=1,"Homing",F174=1,"Toilets",F201=1,"Level",F228=1,"Çapèse",F255=1,"Tidying",F282=1,"Volante",F309=1,""))} -> Level | AN12: {=IF(V12=0,"",_xlfn.IFS(G12=1,"Setup",G39=1,"Entry",G66=1,"Bar",G93=1,"C-mix",G120=1,"Rez",G147=1,"Homing",G174=1,"Toilets",G201=1,"Level",G228=1,"Çapèse",G255=1,"Tidying",G282=1,"Volante",G309=1,""))} -> Homing | AO12: {=IF(W12=0,"",_xlfn.IFS(H12=1,"Setup",H39=1,"Entry",H66=1,"Bar",H93=1,"C-mix",H120=1,"Rez",H147=1,"Homing",H174=1,"Toilets",H201=1,"Level",H228=1,"Çapèse",H255=1,"Tidying",H282=1,"Volante",H309=1,""))} | AP12: {=IF(X12=0,"",_xlfn.IFS(I12=1,"Setup",I39=1,"Entry",I66=1,"Bar",I93=1,"C-mix",I120=1,"Rez",I147=1,"Homing",I174=1,"Toilets",I201=1,"Level",I228=1,"Çapèse",I255=1,"Tidying",I282=1,"Volante",I309=1,""))} -> Çapèse | AQ12: {=IF(Y12=0,"",_xlfn.IFS(J12=1,"Setup",J39=1,"Entry",J66=1,"Bar",J93=1,"C-mix",J120=1,"Rez",J147=1,"Homing",J174=1,"Toilets",J201=1,"Level",J228=1,"Çapèse",J255=1,"Tidying",J282=1,"Volante",J309=1,""))} -> Level | ... AV12: {=IF(AD12=0,"",_xlfn.IFS(O12=1,"Setup",O39=1,"Entry",O66=1,"Bar",O93=1,"C-mix",O120=1,"Rez",O147=1,"Homing",O174=1,"Toilets",O201=1,"Level",O228=1,"Çapèse",O255=1,"Tidying",O282=1,"Volante",O309=1,""))} | AW12: =O418 -> 8
A13: 11 | B13: =$Q$13 -> Maxime | C13: 1 | D13: 0 | E13: 0 | F13: 0 | G13: 0 | H13: 0 | I13: 0 | J13: 0 | K13: 0 | L13: 0 | M13: 0 | N13: 0 | O13: 0 | Q13: Maxime | R13: 1 | S13: 1 | T13: 1 | U13: 1 | V13: 1 | W13: 1 | X13: 1 | Y13: 1 | Z13: 1 | AA13: 1 | AB13: 1 | AC13: 1 | AD13: 1 | AE13: =SUM(R13:AD13) -> 13 | AF13: 0 | AH13: 11 | AI13: =$Q$13 -> Maxime | AJ13: {=IF(R13=0,"",_xlfn.IFS(C13=1,"Setup",C40=1,"Entry",C67=1,"Bar",C94=1,"C-mix",C121=1,"Rez",C148=1,"Homing",C175=1,"Toilets",C202=1,"Level",C229=1,"Çapèse",C256=1,"Tidying",C283=1,"Volante",C310=1,""))} -> Setup | AK13: {=IF(S13=0,"",_xlfn.IFS(D13=1,"Setup",D40=1,"Entry",D67=1,"Bar",D94=1,"C-mix",D121=1,"Rez",D148=1,"Homing",D175=1,"Toilets",D202=1,"Level",D229=1,"Çapèse",D256=1,"Tidying",D283=1,"Volante",D310=1,""))} -> Homing | AL13: {=IF(T13=0,"",_xlfn.IFS(E13=1,"Setup",E40=1,"Entry",E67=1,"Bar",E94=1,"C-mix",E121=1,"Rez",E148=1,"Homing",E175=1,"Toilets",E202=1,"Level",E229=1,"Çapèse",E256=1,"Tidying",E283=1,"Volante",E310=1,""))} -> Rez | AM13: {=IF(U13=0,"",_xlfn.IFS(F13=1,"Setup",F40=1,"Entry",F67=1,"Bar",F94=1,"C-mix",F121=1,"Rez",F148=1,"Homing",F175=1,"Toilets",F202=1,"Level",F229=1,"Çapèse",F256=1,"Tidying",F283=1,"Volante",F310=1,""))} -> Volante | AN13: {=IF(V13=0,"",_xlfn.IFS(G13=1,"Setup",G40=1,"Entry",G67=1,"Bar",G94=1,"C-mix",G121=1,"Rez",G148=1,"Homing",G175=1,"Toilets",G202=1,"Level",G229=1,"Çapèse",G256=1,"Tidying",G283=1,"Volante",G310=1,""))} | AO13: {=IF(W13=0,"",_xlfn.IFS(H13=1,"Setup",H40=1,"Entry",H67=1,"Bar",H94=1,"C-mix",H121=1,"Rez",H148=1,"Homing",H175=1,"Toilets",H202=1,"Level",H229=1,"Çapèse",H256=1,"Tidying",H283=1,"Volante",H310=1,""))} -> Bar | AP13: {=IF(X13=0,"",_xlfn.IFS(I13=1,"Setup",I40=1,"Entry",I67=1,"Bar",I94=1,"C-mix",I121=1,"Rez",I148=1,"Homing",I175=1,"Toilets",I202=1,"Level",I229=1,"Çapèse",I256=1,"Tidying",I283=1,"Volante",I310=1,""))} -> Level | AQ13: {=IF(Y13=0,"",_xlfn.IFS(J13=1,"Setup",J40=1,"Entry",J67=1,"Bar",J94=1,"C-mix",J121=1,"Rez",J148=1,"Homing",J175=1,"Toilets",J202=1,"Level",J229=1,"Çapèse",J256=1,"Tidying",J283=1,"Volante",J310=1,""))} | ... AV13: {=IF(AD13=0,"",_xlfn.IFS(O13=1,"Setup",O40=1,"Entry",O67=1,"Bar",O94=1,"C-mix",O121=1,"Rez",O148=1,"Homing",O175=1,"Toilets",O202=1,"Level",O229=1,"Çapèse",O256=1,"Tidying",O283=1,"Volante",O310=1,""))} | AW13: =O419 -> 8
